분야,진로,책제목,저자,출처
인문,인문,"10대에 작가가 되고 싶은 나, 어떻게 할까?",김은재,교과세특 추천도서 300
인문,인문,10대와 통하는 기후 정의 이야기,"권희중, 신승철",교과세특 추천도서 300
인문,인문,10대와 통하는 스포츠 이야기,"탁민혁, 김윤진",교과세특 추천도서 300
인문,인문,10대와 통하는 평화통일 이야기,정주진,교과세특 추천도서 300
인문,인문,가볍게 꺼내 읽는 사피엔스,장바티스트 드 파나피외,교과세특 추천도서 300
인문,인문,간디 자서전,마하트마 간디,전라북도 교육청
인문,인문,강인욱의 고고학 여행,강인욱,교과세특 추천도서 300
인문,인문,거꾸로 읽는 철학이야기,강성률,교과세특 추천도서 300
인문,인문,고난과 웃음의 나라,정병호,교과세특 추천도서 300
인문,인문,고대에서 도착한 생각들,전호태,교과세특 추천도서 300
인문,인문,"괜찮아, 과학이야",임소정,교과세특 추천도서 300
인문,인문,"국보, 역사의 명장면을 담다",배한철,교과세특 추천도서 300
인문,인문,국화와 칼,루스 베네딕트,전라북도 교육청
인문,인문,군중심리,귀스타브 르 봉,교과세특 추천도서 300
인문,인문,그동안 나는 너무 많이 참아왔다,"강현식, 최은혜",교과세특 추천도서 300
인문,인문,그들은 왜 문화재를 돌려주지 않는가,김경민,교과세특 추천도서 300
인문,인문,"그래서, 프랑스",김미연,교과세특 추천도서 300
인문,인문,기계비평들,전치형 외,교과세특 추천도서 300
인문,인문,꿈의 해석,지그문트 프로이트,전라북도 교육청
인문,인문,나는 독일인입니다,노라 크루크,교과세특 추천도서 300
인문,인문,나는 심리치료사입니다,메리 파이퍼,교과세특 추천도서 300
인문,인문,나쓰메 소세키 인생의 이야기,나쓰메 소세키,교과세특 추천도서 300
인문,인문,나의 직업 방송 작가,임선경,교과세특 추천도서 300
인문,인문,내 마음의 도서관 비블리오테카,최정태,교과세특 추천도서 300
인문,인문,내 친구 압둘와합을 소개합니다,김혜진,교과세특 추천도서 300
인문,인문,"다시, 책으로",매리언 울프,교과세특 추천도서 300
인문,인문,닥터 노먼 베쑨,테드 알렌 외,전라북도 교육청
인문,인문,단어의 사생활,제임스 W. 페니베이커,전라북도 교육청
인문,인문,"달리기, 몰입의 즐거움",미하이 칙센트미하이 외,전라북도 교육청
인문,인문,돌아온 외규장각 의궤와 외교관 이야기,유복렬,전라북도 교육청
인문,인문,동물 윤리 대논쟁,최훈,교과세특 추천도서 300
인문,인문,동물 해방,피터 싱어,전라북도 교육청
인문,인문,동물과 함께하는 삶,아이샤 아크타르,교과세특 추천도서 300
인문,인문,똑똑! 정치 클래스,이형석,교과세특 추천도서 300
인문,인문,로쟈의 한국 현대문학 수업,이현우,교과세특 추천도서 300
인문,인문,먹고 마시고 요리하라,강재호,교과세특 추천도서 300
인문,인문,문명으로 읽는 종교 이야기,홍익희,교과세특 추천도서 300
인문,인문,미국 영어 문화 수업 합하고 더한 책,김아영,교과세특 추천도서 300
인문,인문,미끄러지는 말들,백승주,교과세특 추천도서 300
인문,인문,미드 번역을 위한 공부법,박윤슬,교과세특 추천도서 300
인문,인문,"베를린, 베를린",이은정,교과세특 추천도서 300
인문,인문,불안을 이기는 철학,브리지드 딜레이니,교과세특 추천도서 300
인문,인문,빅 히스토리,데이비드 크리스천 외,전라북도 교육청
인문,인문,뼈가 들려준 이야기,진주현,전라북도 교육청
인문,인문,사춘기를 위한 맞춤법 수업,권희린,교과세특 추천도서 300
인문,인문,사피엔스,유발 하라리,전라북도 교육청
인문,인문,상담자가 건네는 말,하혜숙,교과세특 추천도서 300
인문,인문,소유냐 존재냐,에리히 프롬,전라북도 교육청
인문,인문,소크라테스 익스프레스,에릭 와이너,전라북도 교육청
인문,인문,스웨터로 떠날래,안나 니콜스카야,교과세특 추천도서 300
인문,인문,"스토리, 꼭 그래야 할까?","양혜석, 문아름",교과세특 추천도서 300
인문,인문,식탁 위의 세계사,이영숙,전라북도 교육청
인문,인문,아름다운 혁명가 체 게바라,박영욱,교과세특 추천도서 300
인문,인문,언어 본능,스티븐 핑커,전라북도 교육청
인문,인문,언제나 파일럿,정인웅,교과세특 추천도서 300
인문,인문,역사란 무엇인가,에드워드 H. 카,전라북도 교육청
인문,인문,역사의 쓸모,최태성,교과세특 추천도서 300
인문,인문,연극에서 감정은 어떻게 작용하는가,리처트 코트니,교과세특 추천도서 300
인문,인문,열두 발자국,정재승,교과세특 추천도서 300
인문,인문,열일곱 살에 읽는 논어,김태진,교과세특 추천도서 300
인문,인문,영화교육과 영화 리터러시,이아람찬,교과세특 추천도서 300
인문,인문,요즘 중국,곤도 다이스케,교과세특 추천도서 300
인문,인문,우리는 모든 것의 주인이기를 원한다,브루스 후드,전라북도 교육청
인문,인문,우리말의 탄생,최경봉,교과세특 추천도서 300
인문,인문,인문학으로 읽는 국악이야기,하응백,교과세특 추천도서 300
인문,인문,인생독본,레프 니콜라예비치 톨스토이,전라북도 교육청
인문,인문,전태일 평전,조영래,전라북도 교육청
인문,인문,정원사를 위한 라틴어 수업,리처드 버드,교과세특 추천도서 300
인문,인문,정의론,존 롤스,전라북도 교육청
인문,인문,중국 문화 알기,한중인문학교류연구소,교과세특 추천도서 300
인문,인문,지극히 사적인 프랑스,"오헬리엉 루베르, 윤여진",교과세특 추천도서 300
인문,인문,지금은 일본을 읽을 시간,심형철 외,교과세특 추천도서 300
인문,인문,지리 덕후가 떠먹여주는 풀코스 세계 지리,서지선,교과세특 추천도서 300
인문,인문,지리의 힘,팀 마샬,전라북도 교육청
인문,인문,진화하는 언어,"닉 채터, 모텐 H 크리스티안센",교과세특 추천도서 300
인문,인문,창조적 인간으로 살아가기,최광진,교과세특 추천도서 300
인문,인문,책 제대로 읽는 법,정석현,교과세특 추천도서 300
인문,인문,청소년을 위한 매력적인 글쓰기,이형준,교과세특 추천도서 300
인문,인문,청소년을 위한 천일야화,앤드루 랭,교과세특 추천도서 300
인문,인문,"총, 균, 쇠",재레드 다이아몬드,전라북도 교육청
인문,인문,톨스토이 대표단편선,레프 니콜라예비치 톨스토이,교과세특 추천도서 300
인문,인문,피나 바우쉬,마리온 마이어,교과세특 추천도서 300
인문,인문,하버드 논리학 수업,월러드 밴 오먼 콰인,교과세특 추천도서 300
인문,인문,한 권으로 읽는 국제 스포츠 이야기,유승민 외,교과세특 추천도서 300
인문,인문,"한번쯤, 큐레이터",정명희,교과세특 추천도서 300
인문,인문,AI는 인문학을 먹고 산다,한지우,교과세특 추천도서 300
인문,인문,MT 심리학,손강숙,교과세특 추천도서 300
인문,국어,82년생 김지영,조남주,교과세특 추천도서 300
인문,국어,감옥으로부터의 사색,신영복,교과세특 추천도서 300
인문,국어,개미,베르나르 베르베르,교과세특 추천도서 300
인문,국어,고향,이기영,교과세특 추천도서 300
인문,국어,광장/구운몽,최인훈,교과세특 추천도서 300
인문,국어,구운몽,김민중,교과세특 추천도서 300
인문,국어,그 많던 싱아는 누가 다 먹었을까,박완서,교과세특 추천도서 300
인문,국어,그리고 아무 말도 하지 않았다,하인리히 뵐,교과세특 추천도서 300
인문,국어,금오신화,김시습,교과세특 추천도서 300
인문,국어,난장이가 쏘아올린 작은 공,조세희 외,교과세특 추천도서 300
인문,국어,"다시, 시로 읽는 세상",김용찬,교과세특 추천도서 300
인문,국어,당신들의 천국,이청준,교과세특 추천도서 300
인문,국어,대한민국의 시험,이혜정,교과세특 추천도서 300
인문,국어,말들의 풍경,고종석,교과세특 추천도서 300
인문,국어,말의 품격,이기주,교과세특 추천도서 300
인문,국어,모파상 단편선,기 드 모파상,교과세특 추천도서 300
인문,국어,무정,이광수,교과세특 추천도서 300
인문,국어,무진기행,김승옥,교과세특 추천도서 300
인문,국어,문학의 숲을 거닐다,장영희,교과세특 추천도서 300
인문,국어,미끄러지는 말들,백승주,교과세특 추천도서 300
인문,국어,미움받을 용기,"기시미 이치로, 고가 후미타케",교과세특 추천도서 300
인문,국어,바리데기,황석영,교과세특 추천도서 300
인문,국어,백범일지,김구,교과세특 추천도서 300
인문,국어,백석 전 시집: 나와 나타샤와 흰 당나귀,백석,교과세특 추천도서 300
인문,국어,밸런스,이인석,교과세특 추천도서 300
인문,국어,변신·시골의사,프란츠 카프카,교과세특 추천도서 300
인문,국어,봄봄 동백꽃,김유정,교과세특 추천도서 300
인문,국어,빌둥에서 배운다,레네 레이첼 안데르센,교과세특 추천도서 300
인문,국어,삼대,염상섭,교과세특 추천도서 300
인문,국어,서편제,이청준,교과세특 추천도서 300
인문,국어,선량한 차별주의자,김지혜,교과세특 추천도서 300
인문,국어,숨결이 바람 될 때,폴 칼라니티,교과세특 추천도서 300
인문,국어,언어라는 세계,석주연,교과세특 추천도서 300
인문,국어,언어의 온도,이기주,교과세특 추천도서 300
인문,국어,역마,김동리,교과세특 추천도서 300
인문,국어,죽은 시인의 사회,N.H 클라인바움,교과세특 추천도서 300
인문,국어,죽음 연습,이경신,교과세특 추천도서 300
인문,국어,창작자를 위한 챗GPT 저작권 가이드,정경민,교과세특 추천도서 300
인문,국어,천변풍경,박태원,교과세특 추천도서 300
인문,국어,체호프 희곡선,안톤 파블로비치 체호프,교과세특 추천도서 300
인문,국어,"초강달러 시대, 돈의 흐름",홍재화,교과세특 추천도서 300
인문,국어,춘향전,작자 미상,교과세특 추천도서 300
인문,국어,카인의 후예,황순원,교과세특 추천도서 300
인문,국어,탁류,채만식,교과세특 추천도서 300
인문,국어,태백산맥,조정래,교과세특 추천도서 300
인문,국어,토지,박경리,교과세특 추천도서 300
인문,국어,페스트,알베르 카뮈,교과세특 추천도서 300
인문,국어,하노버에서 온 음악 편지,손열음,교과세특 추천도서 300
인문,국어,하늘과 바람과 별과 시,윤동주,교과세특 추천도서 300
인문,국어,혼불,최명희,교과세특 추천도서 300
인문,국어,홍길동전,허균,교과세특 추천도서 300
인문,국어,휴머니멀,김현기,교과세특 추천도서 300
인문,영어,1984,조지 오웰,교과세특 추천도서 300
인문,영어,감시와 처벌,미셸 푸코,교과세특 추천도서 300
인문,영어,고도를 기다리며,사무엘 베케트,교과세특 추천도서 300
인문,영어,노트르담 드 파리,빅토르 위고,교과세특 추천도서 300
인문,영어,눈먼 자들의 도시,주제 사라마구,교과세특 추천도서 300
인문,영어,단테의 신곡,알리기에리 단테,교과세특 추천도서 300
인문,영어,데미안,헤르만 헤세,교과세특 추천도서 300
인문,영어,돈키호테,미겔 데 세르반테스 사아베드라,교과세특 추천도서 300
인문,영어,동물농장,조지 오웰,교과세특 추천도서 300
인문,영어,로미오와 줄리엣,윌리엄 셰익스피어,교과세특 추천도서 300
인문,영어,마음은 어떻게 작동하는가,스티븐 핑커,교과세특 추천도서 300
인문,영어,맥베스,윌리엄 셰익스피어,교과세특 추천도서 300
인문,영어,멋진 신세계,올더스 헉슬리,교과세특 추천도서 300
인문,영어,모비 딕,허먼 멜빌,교과세특 추천도서 300
인문,영어,베니스의 상인,윌리엄 셰익스피어,교과세특 추천도서 300
인문,영어,사랑의 기술,에리히 프롬,교과세특 추천도서 300
인문,영어,설국,가와바타 야스나리,교과세특 추천도서 300
인문,영어,소유냐 존재냐,에리히 프롬,교과세특 추천도서 300
인문,영어,소포클레스의 비극,소포클레스,교과세특 추천도서 300
인문,영어,수레바퀴 아래서,헤르만 헤세,교과세특 추천도서 300
인문,영어,"쌤영어, 영어는 한마디로",윤상훈,교과세특 추천도서 300
인문,영어,앵무새 죽이기,하퍼 리,교과세특 추천도서 300
인문,영어,어린 왕자,앙투안 드 생텍쥐페리,교과세특 추천도서 300
인문,영어,에밀,장 자크 루소,교과세특 추천도서 300
인문,영어,연금술사,파울로 코엘료,교과세특 추천도서 300
인문,영어,오디세이아,호메로스,교과세특 추천도서 300
인문,영어,오만과 편견,제인 오스틴,교과세특 추천도서 300
인문,영어,오이디푸스왕,소포클레스,교과세특 추천도서 300
인문,영어,올리버 트위스트,찰스 디킨스,교과세특 추천도서 300
인문,영어,월든,헨리 데이빗 소로우,교과세특 추천도서 300
인문,영어,위대한 설계,스티븐 호킹 외,교과세특 추천도서 300
인문,영어,위대한 유산,찰스 디킨스,교과세특 추천도서 300
인문,영어,이기적 유전자,리처드 도킨스,교과세특 추천도서 300
인문,영어,이방인,알베르 카뮈,교과세특 추천도서 300
인문,영어,인간의 조건,한나 아렌트,교과세특 추천도서 300
인문,영어,일리아스,호메로스,교과세특 추천도서 300
인문,영어,자기 앞의 생,에밀 아자르,교과세특 추천도서 300
인문,영어,주홍글씨,너새니얼 호손,교과세특 추천도서 300
인문,영어,챗GPT 활용 영어 공부,윤근식,교과세특 추천도서 300
인문,영어,파리대왕,윌리엄 골딩,교과세특 추천도서 300
인문,영어,파우스트,요한 볼프강 폰 괴테,교과세특 추천도서 300
인문,영어,팩트풀니스,한스 로슬링 외,교과세특 추천도서 300
인문,영어,하멜 표류기,헨드릭 하멜,교과세특 추천도서 300
인문,영어,햄릿,윌리엄 셰익스피어,교과세특 추천도서 300
인문,영어,허클베리 핀의 모험,마크 트웨인,교과세특 추천도서 300
인문,영어,호밀밭의 파수꾼,J.D. 샐린저,교과세특 추천도서 300
인문,영어,황무지,T.S. 엘리엇,교과세특 추천도서 300
인문,영어,희망의 밥상,제인 구달,교과세특 추천도서 300
인문,영어,Flipped,웬들린 밴 드라닌,교과세특 추천도서 300
인문,영어,Hope for the Flowers,트리나 폴러스,교과세특 추천도서 300
인문,문학,1984,조지 오웰,전라북도 교육청
인문,문학,고도를 기다리며,사무엘 베케트,전라북도 교육청
인문,문학,그 많던 싱아는 누가 다 먹었을까,박완서,전라북도 교육청
인문,문학,그 말이 잎을 물들였다,나희덕,전라북도 교육청
인문,문학,기후 변화 시대의 사랑,김기창,교과세특 추천도서 300
인문,문학,김수영 전집 1,김수영,전라북도 교육청
인문,문학,난장이가 쏘아올린 작은 공,조세희,전라북도 교육청
인문,문학,노 휴먼스 랜드,김정,교과세특 추천도서 300
인문,문학,누비처네,목성균,전라북도 교육청
인문,문학,다산산문선,정약용,전라북도 교육청
인문,문학,당신들의 천국,이청준,전라북도 교육청
인문,문학,대지,펄 벅,전라북도 교육청
인문,문학,데미안,헤르만 헤세,전라북도 교육청
인문,문학,백석시전집,백석,전라북도 교육청
인문,문학,셰익스피어 4대 비극,윌리엄 셰익스피어,전라북도 교육청
인문,문학,열하일기,박지원,전라북도 교육청
인문,문학,오만과 편견,제인 오스틴,전라북도 교육청
인문,문학,이강백 희곡전집 1,이강백,전라북도 교육청
인문,문학,일기를 쓰다,유만주,전라북도 교육청
인문,문학,입 속의 검은 잎,기형도,전라북도 교육청
인문,문학,자기 앞의 생,에밀 아자르,전라북도 교육청
인문,문학,죽음의 수용소에서,빅터 프랭클,전라북도 교육청
인문,문학,차남들의 세계사,이기호,전라북도 교육청
인문,문학,토지,박경리,전라북도 교육청
인문,문학,호밀밭의 파수꾼,제롬 데이비드 샐린저,전라북도 교육청
인문,문학,황만근은 이렇게 말했다,성석제,전라북도 교육청
인문,역사,101 세계,"구정은, 이지선",교과세특 추천도서 300
인문,역사,10대를 위한 총균쇠 수업,김정진,교과세특 추천도서 300
인문,역사,30개 도시로 읽는 세계사,조 지무쇼,교과세특 추천도서 300
인문,역사,가장 쉬운 역사 첫걸음,이영,교과세특 추천도서 300
인문,역사,개인은 역사를 바꿀 수 있는가,마거릿 맥밀런,교과세특 추천도서 300
인문,역사,"경성의 화가들, 근대를 거닐다: 북촌편",황정수,교과세특 추천도서 300
인문,역사,경이로운 역사 콘서트,그레그 제너,교과세특 추천도서 300
인문,역사,공공역사를 실천 중입니다,이하나 외,교과세특 추천도서 300
인문,역사,교양인을 위한 역사학 교실,윤진석,교과세특 추천도서 300
인문,역사,그들은 왜 최후의 승자가 되지 못했나,한순구,교과세특 추천도서 300
인문,역사,그래서 역사가 필요해,신동욱,교과세특 추천도서 300
인문,역사,넷플릭스 세계사,"오애리, 이재덕",교과세특 추천도서 300
인문,역사,논쟁으로 읽는 한국 현대사,"김호기, 박태균",교과세특 추천도서 300
인문,역사,농경의 배신,제임스 C. 스콧,교과세특 추천도서 300
인문,역사,당신의 역사가 역사를 만날 때,임라원,교과세특 추천도서 300
인문,역사,대한민국 돼지 이야기,"최승철, 김태경",교과세특 추천도서 300
인문,역사,독일사 산책,닐 맥그리거,교과세특 추천도서 300
인문,역사,"뜨거운 지구, 역사를 뒤흔들다",브라이언 페이건,교과세특 추천도서 300
인문,역사,마주 보는 역사수업,"전국역사교사모임, 일본역사교육자협의회",교과세특 추천도서 300
인문,역사,메트로폴리스,벤 윌슨,교과세특 추천도서 300
인문,역사,문화로 읽는 세계사,주경철,교과세특 추천도서 300
인문,역사,문화인류학으로 보는 동아시아,가미즈루 히사히코 외,교과세특 추천도서 300
인문,역사,발밑의 세계사,이동민,교과세특 추천도서 300
인문,역사,세계사를 결정짓는 7가지 힘,모토무라 료지,교과세특 추천도서 300
인문,역사,세계사를 바꾼 12가지 신소재,사토 겐타로,교과세특 추천도서 300
인문,역사,세상 모든 것의 기원,강인욱,교과세특 추천도서 300
인문,역사,세상을 떠들썩하게 만든 세기의 재판 이야기,장보람,교과세특 추천도서 300
인문,역사,식탁 위의 세계사,이영숙,교과세특 추천도서 300
인문,역사,신친일파,호사카 유지,교과세특 추천도서 300
인문,역사,실크로드 세계사,피터 프랭코판,교과세특 추천도서 300
인문,역사,썬킴의 거침없는 세계사,썬킴,교과세특 추천도서 300
인문,역사,역사 선생님이 들려주는 동아시아 맞수 열전,전국역사교사모임,교과세특 추천도서 300
인문,역사,역사의 쓸모,최태성,교과세특 추천도서 300
인문,역사,열여덟을 위한 세계 혁명사,오준호,교과세특 추천도서 300
인문,역사,왜 역사를 배워야 할까?,샘 와인버그,교과세특 추천도서 300
인문,역사,우리 역사 속 전염병,신병주,교과세특 추천도서 300
인문,역사,울게 되는 한국사,김재원,교과세특 추천도서 300
인문,역사,"이슬람 학교 1, 2",이희수,교과세특 추천도서 300
인문,역사,있는 그대로 인도,김기상,교과세특 추천도서 300
인문,역사,조선 미술관,탁현규,교과세특 추천도서 300
인문,역사,지구 파괴의 역사,김병민,교과세특 추천도서 300
인문,역사,지식의 지도,바이얼릿 몰러,교과세특 추천도서 300
인문,역사,진실의 흑역사,톰 필립스,교과세특 추천도서 300
인문,역사,질문하는 역사,주경철,교과세특 추천도서 300
인문,역사,처음 읽는 돈의 세계사,미야자키 마사카츠,교과세특 추천도서 300
인문,역사,처음 읽는 미국사,전국역사교사모임,교과세특 추천도서 300
인문,역사,초록색 옷을 입은 사람들,김종성,교과세특 추천도서 300
인문,역사,최소한의 한국사,최태성,교과세특 추천도서 300
인문,역사,칼날 위의 역사,이덕일,교과세특 추천도서 300
인문,역사,키워드 동남아,강희정 외,교과세특 추천도서 300
인문,역사,팬데믹 시대에 경계를 바라보다,차용구 외,교과세특 추천도서 300
인문,역사,편지로 보는 은밀한 세계사,송영심,교과세특 추천도서 300
인문,역사,호모 데우스,유발 하라리,교과세특 추천도서 300
인문,역사,호모 루덴스,요한 하위징아,교과세특 추천도서 300
인문,미디어,1인 미디어,변용수,교과세특 추천도서 300
인문,미디어,감정과 미디어,나은영,교과세특 추천도서 300
인문,미디어,광고 리터러시,안순태,교과세특 추천도서 300
인문,미디어,근데 에디터는 무슨 일 해요?,"박의나, 윤경민",교과세특 추천도서 300
인문,미디어,뉴욕타임스 읽어주는 여자,박세정,교과세특 추천도서 300
인문,미디어,디지털 세대의 아날로그 양육자들,"소니아 리빙스턴, 얼리샤 블럼-로스",교과세특 추천도서 300
인문,미디어,디지털 시대 영상 문화와 윤리,홍석경 외,교과세특 추천도서 300
인문,미디어,딥페이크의 얼굴,"이소은, 최순욱",교과세특 추천도서 300
인문,미디어,랜선 사회,에이미 S. 브루크먼,교과세특 추천도서 300
인문,미디어,문화산업과 미디어콘텐츠,구문모 외,교과세특 추천도서 300
인문,미디어,뮤직비디오의 이해,김진곤,교과세특 추천도서 300
인문,미디어,미디어 리터러시,"이현주, 이현옥",교과세특 추천도서 300
인문,미디어,미디어 리터러시 쫌 아는 10대,금준경,교과세특 추천도서 300
인문,미디어,"미디어, 노동인권을 말하다",진선미,교과세특 추천도서 300
인문,미디어,"미디어, 디지털 세상을 잇다",주형일,교과세특 추천도서 300
인문,미디어,미디어와 홍보,송의호,교과세특 추천도서 300
인문,미디어,미디어의 역사,자크 아탈리,교과세특 추천도서 300
인문,미디어,배리어프리 영상제작론,김정희,교과세특 추천도서 300
인문,미디어,서사의 위기,한병철,교과세특 추천도서 300
인문,미디어,소셜 미디어 프리즘,크리스 베일,교과세특 추천도서 300
인문,미디어,소셜미디어는 인생의 낭비일까요?,김보미,교과세특 추천도서 300
인문,미디어,숏폼 기획 아이디어,연희승,교과세특 추천도서 300
인문,미디어,시선을 사로잡는 매력적인 영상 만들기,강수석,교과세특 추천도서 300
인문,미디어,언론을 상대하는 법,신상진,교과세특 추천도서 300
인문,미디어,언론자유와 정치철학,손영준,교과세특 추천도서 300
인문,미디어,"언커머셜: 한국 상업사진, 1984년 이후",강혜원 외,교과세특 추천도서 300
인문,미디어,"여론조사, 모르면 말하지 마세요",김현태,교과세특 추천도서 300
인문,미디어,연결하는 소설: 미디어로 만나는 우리,김애란 외,교과세특 추천도서 300
인문,미디어,영상은 움직이지 않는다,이훈희,교과세특 추천도서 300
인문,미디어,우리는 도전을 즐겼다,박관우 외,교과세특 추천도서 300
인문,미디어,"위험, 사회, 미디어",김용찬 외,교과세특 추천도서 300
인문,미디어,인공지능 시대의 미디어 윤리,박아란,교과세특 추천도서 300
인문,미디어,잡지 만드는 법,박지수,교과세특 추천도서 300
인문,미디어,장면들,손석희,교과세특 추천도서 300
인문,미디어,챗GPT 교육혁명,정제영 외,교과세특 추천도서 300
인문,미디어,"챗GPT 시대, 청소년을 위한 미디어 탐구",이창호,교과세특 추천도서 300
인문,미디어,출판기획의 한계를 넘어,이시우,교과세특 추천도서 300
인문,미디어,클로징 멘트,조재익,교과세특 추천도서 300
인문,미디어,파피루스에서 전자책까지 모든 책의 역사,우베 요쿰,교과세특 추천도서 300
인문,미디어,"패션, 영화를 디자인하다",진경옥,교과세특 추천도서 300
인문,미디어,프리한 10대 미디어 프리,강병철,교과세특 추천도서 300
인문,미디어,플랫폼 내러티브,권승태,교과세특 추천도서 300
인문,미디어,플레이밍 사회,이토 마사아키,교과세특 추천도서 300
인문,미디어,한국영화가 사라진다,이승연,교과세특 추천도서 300
인문,미디어,현대사회와 미디어커뮤니케이션,한국언론정보학회,교과세특 추천도서 300
인문,미디어,AI 저널리즘,박창섭,교과세특 추천도서 300
인문,미디어,Chalkak 찰칵 03,찰칵 편집부,교과세특 추천도서 300
인문,미디어,CIA 분석가가 알려 주는 가짜 뉴스의 모든 것,신디 L. 오티스,교과세특 추천도서 300
인문,미디어,OTT 스토리텔링 생존 공식,김공숙 외,교과세특 추천도서 300
인문,미디어,OTT시대 스포츠 보편적 시청권,신삼수 외,교과세특 추천도서 300
인문,미디어,SNS와 스마트폰 중독 어떻게 해결할까?,김대경 외,교과세특 추천도서 300
인문,상담심리,12가지 인생의 법칙,조던 B. 피터슨,교과세특 추천도서 300
인문,상담심리,감정 어휘,유선경,교과세특 추천도서 300
인문,상담심리,감정이라는 세계,레온 빈트샤이트,교과세특 추천도서 300
인문,상담심리,게으른 완벽주의자를 위한 심리학,헤이든 핀치,교과세특 추천도서 300
인문,상담심리,겸손한 공감,김병수,교과세특 추천도서 300
인문,상담심리,괴롭힘은 어떻게 뇌를 망가뜨리는가,제니퍼 프레이저,교과세특 추천도서 300
인문,상담심리,그릿,앤절라 더크워스,교과세특 추천도서 300
인문,상담심리,기회의 심리학,바버라 블래츨리,교과세특 추천도서 300
인문,상담심리,나는 왜 내 마음이 버거울까?,유영서,교과세특 추천도서 300
인문,상담심리,나는 왜 집중하지 못하는가,반건호,교과세특 추천도서 300
인문,상담심리,나르시시스트 관계 수업,브렌다 스티븐스,교과세특 추천도서 300
인문,상담심리,나를 다 안다는 착각,카렌 호나이,교과세특 추천도서 300
인문,상담심리,나를 지키는 관계가 먼저입니다,안젤라 센,교과세특 추천도서 300
인문,상담심리,나를 지키는 관계의 기술,네드라 글로버 타와브,교과세특 추천도서 300
인문,상담심리,내가 나를 치유하는 시간,김주수,교과세특 추천도서 300
인문,상담심리,내향인을 위한 심리학 수업,최재훈,교과세특 추천도서 300
인문,상담심리,당신에게 무슨 일이 있었나요,"브루스 D. 페리, 오프라 윈프리",교과세특 추천도서 300
인문,상담심리,당신이 알던 MBTI는 진짜 MBTI가 아니다,고영재,교과세특 추천도서 300
인문,상담심리,대화력의 비밀,황시투안,교과세특 추천도서 300
인문,상담심리,도둑맞은 집중력,요한 하리,교과세특 추천도서 300
인문,상담심리,등교거부 심리치료,성태훈,교과세특 추천도서 300
인문,상담심리,마음 가면,브레네 브라운,교과세특 추천도서 300
인문,상담심리,마음을 돌보는 뇌과학,안데르스 한센,교과세특 추천도서 300
인문,상담심리,마음의 여섯 얼굴,김건종,교과세특 추천도서 300
인문,상담심리,마음의 지혜,김경일,교과세특 추천도서 300
인문,상담심리,마음의 짐을 안고 있는 당신에게,나이토 요시히토,교과세특 추천도서 300
인문,상담심리,마음이 아니라 뇌가 불안한 겁니다,다니엘 G. 에이멘,교과세특 추천도서 300
인문,상담심리,매우 예민한 사람들을 위한 상담소,전홍진,교과세특 추천도서 300
인문,상담심리,미래의 나를 구하러 갑니다,변지영,교과세특 추천도서 300
인문,상담심리,반려동물과 이별한 사람을 위한 책,이학범,교과세특 추천도서 300
인문,상담심리,변증법 행동치료,마샤 M. 리네한,교과세특 추천도서 300
인문,상담심리,상처받지 않는 영혼,마이클 A. 싱어,교과세특 추천도서 300
인문,상담심리,생각이 너무 많은 어른들을 위한 심리학,김혜남,교과세특 추천도서 300
인문,상담심리,세계 심리학 필독서 30,사토 다쓰야,교과세특 추천도서 300
인문,상담심리,손 안에 갇힌 사람들,니컬러스 카다라스,교과세특 추천도서 300
인문,상담심리,심리 대화술,이노우에 도모스케,교과세특 추천도서 300
인문,상담심리,심리음향학,오세진,교과세특 추천도서 300
인문,상담심리,씽킹 101,안우경,교과세특 추천도서 300
인문,상담심리,우리는 여전히 삶을 사랑하는가,에리히 프롬,교과세특 추천도서 300
인문,상담심리,우울할 땐 뇌과학,앨릭스 코브,교과세특 추천도서 300
인문,상담심리,인정욕구,에노모토 히로아키,교과세특 추천도서 300
인문,상담심리,정신분석 입문,지크문트 프로이트,교과세특 추천도서 300
인문,상담심리,제정신이라는 착각,필리프 슈테르처,교과세특 추천도서 300
인문,상담심리,좋은 사람이 되는 것은 왜 어려운가,아르민 팔크,교과세특 추천도서 300
인문,상담심리,집단 착각,토드 로즈,교과세특 추천도서 300
인문,상담심리,"참을 수 없이 불안할 때, 에리히 프롬",박찬국,교과세특 추천도서 300
인문,상담심리,최선의 고통,폴 블룸,교과세특 추천도서 300
인문,상담심리,칼 융 무의식의 심리학,칼 구스타프 융,교과세특 추천도서 300
인문,상담심리,타인의 마음,"김경일, 사피엔스 스튜디오",교과세특 추천도서 300
인문,상담심리,파리의 심리학 카페,모드 르안,교과세특 추천도서 300
인문,상담심리,퓨처 셀프,벤저민 하디,교과세특 추천도서 300
인문,도덕,격몽요결,이이,교과세특 추천도서 300
인문,도덕,공정하다는 착각,마이클 샌델,교과세특 추천도서 300
인문,도덕,군주론,마키아벨리,교과세특 추천도서 300
인문,도덕,"난민, 멈추기 위해 떠나는 사람들",하영식,교과세특 추천도서 300
인문,도덕,논어,공자,교과세특 추천도서 300
인문,도덕,뇌는 윤리적인가,마이클 S. 가지나가,교과세특 추천도서 300
인문,도덕,니코마코스 윤리학,아리스토텔레스,교과세특 추천도서 300
인문,도덕,다산의 철학,윤성희,교과세특 추천도서 300
인문,도덕,도덕적 인간과 비도덕적 사회,라인홀드 니버,교과세특 추천도서 300
인문,도덕,동물 해방,피터 싱어,교과세특 추천도서 300
인문,도덕,모든 삶은 흐른다,로랑스 드빌레르,교과세특 추천도서 300
인문,도덕,목민심서,정약용,교과세특 추천도서 300
인문,도덕,문화의 수수께끼,마빈 해리스,교과세특 추천도서 300
인문,도덕,반드시 다가올 미래,남성현,교과세특 추천도서 300
인문,도덕,불편한 편의점,김호연,교과세특 추천도서 300
인문,도덕,사피엔스,유발 하라리,교과세특 추천도서 300
인문,도덕,삶은 예술로 빛난다,조원재,교과세특 추천도서 300
인문,도덕,새내기 노동인 ㄱㄴㄷ,손석춘,교과세특 추천도서 300
인문,도덕,소크라테스 익스프레스,에릭 와이너,교과세특 추천도서 300
인문,도덕,"소크라테스의 변명, 크리톤, 향연, 파이돈",플라톤,교과세특 추천도서 300
인문,도덕,소프트 시티,데이비드 심,교과세특 추천도서 300
인문,도덕,소프트웨어 장인 정신 이야기,로버트 C. 마틴,교과세특 추천도서 300
인문,도덕,수없이 많은 바닥을 닦으며,마이아 에켈뢰브,교과세특 추천도서 300
인문,도덕,스노크래시,닐 스티븐슨,교과세특 추천도서 300
인문,도덕,"식량위기, 이미 시작된 미래",루안 웨이,교과세특 추천도서 300
인문,도덕,아무도 의심하지 않는 일곱 가지 교육 미신,데이지 크리스토들루,교과세특 추천도서 300
인문,도덕,아픔에도 우선순위가 있나요?,김준혁,교과세특 추천도서 300
인문,도덕,예정된 전쟁,그레이엄 앨리슨,교과세특 추천도서 300
인문,도덕,오래된 미래,헬레나 노르베리 호지,교과세특 추천도서 300
인문,도덕,완벽에 대한 반론,마이클 샌델,교과세특 추천도서 300
인문,도덕,왜 일하는가,이나모리 가즈오,교과세특 추천도서 300
인문,도덕,인간 섬,장 지글러,교과세특 추천도서 300
인문,도덕,자유론,존 스튜어트 밀,교과세특 추천도서 300
인문,도덕,장자,장자,교과세특 추천도서 300
인문,도덕,존 롤스 정의론,황경식,교과세특 추천도서 300
인문,도덕,죽음의 수용소에서,빅터 프랭클,교과세특 추천도서 300
인문,도덕,지구 끝의 온실,김초엽,교과세특 추천도서 300
인문,도덕,지구 파괴의 역사,김병민,교과세특 추천도서 300
인문,도덕,챗GPT 교육혁명,정제영 외,교과세특 추천도서 300
인문,도덕,천 개의 파랑,천선란,교과세특 추천도서 300
인문,도덕,철학은 어떻게 삶의 무기가 되는가,야마구치 슈,교과세특 추천도서 300
인문,도덕,칸트와 헤겔의 철학,백종현,교과세특 추천도서 300
인문,도덕,타인의 고통,수잔 손택,교과세특 추천도서 300
인문,도덕,파견자들,김초엽,교과세특 추천도서 300
인문,도덕,페인트,이희영,교과세특 추천도서 300
인문,도덕,평균의 종말,토드 로즈,교과세특 추천도서 300
인문,도덕,프랑켄슈타인,메리 셸리,교과세특 추천도서 300
인문,도덕,피터 싱어의 『실천윤리학』 읽기,김성동,교과세특 추천도서 300
인문,도덕,21세기를 위한 21가지 제언,유발 하라리,교과세특 추천도서 300
인문,도덕,AI 전쟁,"하정우, 한상기",교과세특 추천도서 300
사회,사회,2024 콘텐츠가 전부다,노가영 외,교과세특 추천도서 300
사회,사회,가족 각본,김지혜,교과세특 추천도서 300
사회,사회,강한 이스라엘 군대의 비밀,노석조,교과세특 추천도서 300
사회,사회,공정 이후의 세계,김정희원,교과세특 추천도서 300
사회,사회,"국제분쟁, 무엇이 문제일까?",김미조,교과세특 추천도서 300
사회,사회,권력과 진보,"대런 아세모글루, 사이먼 존슨",교과세특 추천도서 300
사회,사회,그냥 하지 말라,송길영,교과세특 추천도서 300
사회,사회,그들이 말하지 않는 23가지,장하준,교과세특 추천도서 300
사회,사회,그래서 역사가 필요해,신동욱,교과세특 추천도서 300
사회,사회,금융 오디세이,차현진,교과세특 추천도서 300
사회,사회,금융 오디세이,차현진,교과세특 추천도서 300
사회,사회,기후 리바이어던,"조엘 웨인라이트, 제프 만",교과세특 추천도서 300
사회,사회,기후를 위한 경제학,김병권,교과세특 추천도서 300
사회,사회,나는 감이 아니라 데이터로 말한다,신현호,교과세특 추천도서 300
사회,사회,나는 게임한다 고로 존재한다,이동은,교과세특 추천도서 300
사회,사회,나는 멈춘 비행기의 승무원입니다,우은빈,교과세특 추천도서 300
사회,사회,내가 검찰을 떠난 이유,이연주,교과세특 추천도서 300
사회,사회,넛지 파이널 에디션,"리처드 탈러, 캐스 선스타인",교과세특 추천도서 300
사회,사회,노동에 대해 말하지 않는 것들,전혜원,교과세특 추천도서 300
사회,사회,당신이 모르는 민주주의,마이클 샌델,교과세특 추천도서 300
사회,사회,돈의 속성,김승호,교과세특 추천도서 300
사회,사회,돈의 역사는 되풀이된다,홍춘욱,교과세특 추천도서 300
사회,사회,돈이 먼저 움직인다,제현주,교과세특 추천도서 300
사회,사회,동물들의 위대한 법정,장 뤽 포르케,교과세특 추천도서 300
사회,사회,두 번째 지구는 없다,타일러 라쉬,교과세특 추천도서 300
사회,사회,디지털 치료제,김선현,교과세특 추천도서 300
사회,사회,디지털 팩토리,모리츠 알텐리트,교과세특 추천도서 300
사회,사회,똑똑! 정치 클래스,이형석,교과세특 추천도서 300
사회,사회,똑똑하게 생존하기,"칼 벅스트롬, 제빈 웨스트",교과세특 추천도서 300
사회,사회,무조건 팔리는 카피 단어장,"간다 마시노리, 기누타 쥰이치",교과세특 추천도서 300
사회,사회,미디어 읽고 쓰기,이승화,교과세특 추천도서 300
사회,사회,미디어의 이해,마셜 매클루언,교과세특 추천도서 300
사회,사회,미래를 위한 새로운 생각,마야 괴펠,교과세특 추천도서 300
사회,사회,밥은 먹고 다니냐는 말,정은정,교과세특 추천도서 300
사회,사회,버추얼 휴먼,오제욱,교과세특 추천도서 300
사회,사회,범죄심리 해부노트,"이수정, 이은진",교과세특 추천도서 300
사회,사회,법 짓는 마음,이보라,교과세특 추천도서 300
사회,사회,법은 얼마나 정의로운가,폴커 키츠,교과세특 추천도서 300
사회,사회,법정의 얼굴들,박주영,교과세특 추천도서 300
사회,사회,붕괴하는 세계와 인구학,피터 자이한,교과세특 추천도서 300
사회,사회,사다리 걷어차기,장하준,교과세특 추천도서 300
사회,사회,사이보그가 되다,"김초엽, 김원영",교과세특 추천도서 300
사회,사회,선거로 읽는 한국 정치사,김현성,교과세특 추천도서 300
사회,사회,선량한 차별주의자,김지혜,교과세특 추천도서 300
사회,사회,세계미래보고서 2035-2055,"박영숙, 제롬 글렌",교과세특 추천도서 300
사회,사회,세금의 흑역사,"마이클 킨, 조엘 슬렘로드",교과세특 추천도서 300
사회,사회,세속의 철학자들,로버트 L 하일브로너,교과세특 추천도서 300
사회,사회,소유의 종말,제러미 리프킨,교과세특 추천도서 300
사회,사회,순서파괴,"콜린 브라이어, 빌 카",교과세특 추천도서 300
사회,사회,숫자로 경영하라 5,최종학,교과세특 추천도서 300
사회,사회,스무 살에 알았더라면 좋았을 것들,티나 실리그,교과세특 추천도서 300
사회,사회,아이가 사라지는 세상,조영태 외,교과세특 추천도서 300
사회,사회,아픔이 길이 되려면,김승섭,교과세특 추천도서 300
사회,사회,애덤 스미스,다카시마 젠야,교과세특 추천도서 300
사회,사회,어둠 속의 추적자들,앤디 그린버그,교과세특 추천도서 300
사회,사회,어떤 양형의 이유,박주영,교과세특 추천도서 300
사회,사회,어떤 호소의 말들,최은숙,교과세특 추천도서 300
사회,사회,언택트 비즈니스,박경수,교과세특 추천도서 300
사회,사회,예술의 사회학적 읽기,"최샛별, 김수정",교과세특 추천도서 300
사회,사회,왜 세계의 절반은 굶주리는가?,장 지글러,교과세특 추천도서 300
사회,사회,"왜요, 그 뉴스가 어때서요?",김청연,교과세특 추천도서 300
사회,사회,우리가 살 수 없는 미래,마이클 해리스,교과세특 추천도서 300
사회,사회,우리에게는 다른 데이터가 필요하다,김재연,교과세특 추천도서 300
사회,사회,우리에게는 헌법이 있다,이효원,교과세특 추천도서 300
사회,사회,우발적 충돌,스티븐 로치,교과세특 추천도서 300
사회,사회,위기의 역사,오건영,교과세특 추천도서 300
사회,사회,이름이 법이 될 때,정혜진,교과세특 추천도서 300
사회,사회,이상하고 아름다운 밥벌이의 경제학,류동민,교과세특 추천도서 300
사회,사회,인간 섬,장 지글러,교과세특 추천도서 300
사회,사회,인간은 기계보다 특별할까?,인문브릿지연구소,교과세특 추천도서 300
사회,사회,인구 미래 공존,조영태,교과세특 추천도서 300
사회,사회,인플루언서(인문잡지 한편 2),이유진 외,교과세특 추천도서 300
사회,사회,있지만 없는 아이들,은유,교과세특 추천도서 300
사회,사회,장애시민 불복종,변재원,교과세특 추천도서 300
사회,사회,저널리즘의 기본 원칙,"빌 코바치, 톰 로젠스틸",교과세특 추천도서 300
사회,사회,저렴한 것들의 세계사,"라즈 파텔, 제이슨 W. 무어",교과세특 추천도서 300
사회,사회,정의란 무엇인가,마이클 샌델,교과세특 추천도서 300
사회,사회,존중받지 못하는 아이들,박명금 외,교과세특 추천도서 300
사회,사회,좋아요는 어떻게 지구를 파괴하는가,기욤 피트롱,교과세특 추천도서 300
사회,사회,죽은 경제학자의 살아있는 아이디어,토드 부크홀츠,교과세특 추천도서 300
사회,사회,중간착취의 지옥도,남보라 외,교과세특 추천도서 300
사회,사회,중국은 어떻게 실패하는가,"마이클 베클리, 할 브랜즈",교과세특 추천도서 300
사회,사회,"지금 여기, 무탈한가요?",오찬호,교과세특 추천도서 300
사회,사회,지리의 힘 2,팀 마샬,교과세특 추천도서 300
사회,사회,지속 불가능한 불평등,뤼카 샹셀,교과세특 추천도서 300
사회,사회,착한 소비는 없다,최원형,교과세특 추천도서 300
사회,사회,창업가의 답,"성호철, 임경업",교과세특 추천도서 300
사회,사회,총 균 쇠,재레드 다이아몬드,교과세특 추천도서 300
사회,사회,"총, 선, 펜",린다 콜리,교과세특 추천도서 300
사회,사회,최소한의 선의,문유석,교과세특 추천도서 300
사회,사회,커넥트 파워,박명규 외,교과세특 추천도서 300
사회,사회,"파타고니아, 파도가 칠 때는 서핑을",이본 쉬나드,교과세특 추천도서 300
사회,사회,펭귄과 리바이어던,요차이 벤클러,교과세특 추천도서 300
사회,사회,프로보커터,김내훈,교과세특 추천도서 300
사회,사회,플랫폼노믹스,윤상진,교과세특 추천도서 300
사회,사회,한국인의 생각 2,강철구 외,교과세특 추천도서 300
사회,사회,호모루덴스,요한 하위징아,교과세특 추천도서 300
사회,사회,AI 비즈니스 레볼루션,이진형,교과세특 추천도서 300
사회,경영,1페이지 마케팅 플랜,앨런 딥,교과세특 추천도서 300
사회,경영,5퍼센트 법칙,"조태룡, 강승문",교과세특 추천도서 300
사회,경영,경영의 본질,프레드문트 말릭,교과세특 추천도서 300
사회,경영,고객이 달라졌다,현성운,교과세특 추천도서 300
사회,경영,괴물 같은 기업 키엔스를 배워라,니시오카 안누,교과세특 추천도서 300
사회,경영,구글의 아침은 자유가 시작된다,라즐로 복,교과세특 추천도서 300
사회,경영,권력을 경영하는 7가지 원칙,제프리 페퍼,교과세특 추천도서 300
사회,경영,글로벌 클래스,"에런 맥대니얼, 클라우스 베하게",교과세특 추천도서 300
사회,경영,기묘한 이커머스 이야기,기묘한,교과세특 추천도서 300
사회,경영,나는 장사의 신이다.,은현장,교과세특 추천도서 300
사회,경영,"뇌, 욕망의 비밀을 풀다",한스-게오르크 호이젤,교과세특 추천도서 300
사회,경영,다이브 딥,박선희,교과세특 추천도서 300
사회,경영,더 플로,안유화,교과세특 추천도서 300
사회,경영,디즈니만이 하는 것,로버트 아이거,교과세특 추천도서 300
사회,경영,머니 트렌드 2024,김도윤 외,교과세특 추천도서 300
사회,경영,모바일 미래보고서 2024,커넥팅랩 외,교과세특 추천도서 300
사회,경영,미래관찰자의 살아 있는 아이디어,서울대학교 국가미래전략원,교과세특 추천도서 300
사회,경영,믹스,안성은,교과세특 추천도서 300
사회,경영,반도체 열전,유웅환,교과세특 추천도서 300
사회,경영,백종원의 장사 이야기,백종원,교과세특 추천도서 300
사회,경영,보랏빛 소가 온다,세스 고딘,교과세특 추천도서 300
사회,경영,비즈니스 리프레임,이연주,교과세특 추천도서 300
사회,경영,비즈니스 협상론,김병국,교과세특 추천도서 300
사회,경영,삼성과 효도경영,문봉수,교과세특 추천도서 300
사회,경영,샘 올트먼의 생각들,스탠리 최 외,교과세특 추천도서 300
사회,경영,세상 모든 창업가가 묻고 싶은 질문들,토머스 아이젠만,교과세특 추천도서 300
사회,경영,세컨드 펭귄,임승현,교과세특 추천도서 300
사회,경영,소비자의 마음,멜리나 파머,교과세특 추천도서 300
사회,경영,순서 파괴,"콜린 브라이어, 빌 카",교과세특 추천도서 300
사회,경영,슈독,필 나이트,교과세특 추천도서 300
사회,경영,"스타벅스, 커피 한 잔에 담긴 성공신화","하워드 슐츠, 도리 존스 양",교과세특 추천도서 300
사회,경영,스티브 잡스,월터 아이작슨,교과세특 추천도서 300
사회,경영,스틱,"칩 히스, 댄 히스",교과세특 추천도서 300
사회,경영,스포츠마케팅 쪼개기 2020,이승용,교과세특 추천도서 300
사회,경영,시대예보:핵개인의 시대,송길영,교과세특 추천도서 300
사회,경영,신상품,천지윤 외,교과세특 추천도서 300
사회,경영,아메바 경영,이나모리 가즈오,교과세특 추천도서 300
사회,경영,얼굴 없는 중개자들,"하비에르 블라스, 잭 파시",교과세특 추천도서 300
사회,경영,외식서비스 마케팅,김태희 외,교과세특 추천도서 300
사회,경영,"월마트, 두려움 없는 도전","샘 월턴, 존 휴이",교과세특 추천도서 300
사회,경영,이것은 작은 브랜드를 위한 책,이근상,교과세특 추천도서 300
사회,경영,인터널 커뮤니케이션,이연재,교과세특 추천도서 300
사회,경영,일론머스크,월터 아이작슨,교과세특 추천도서 300
사회,경영,일의 격,신수정,교과세특 추천도서 300
사회,경영,일터의 설계자들,나하나,교과세특 추천도서 300
사회,경영,주식회사 이야기,이준일,교과세특 추천도서 300
사회,경영,최고의 조직,김성준,교과세특 추천도서 300
사회,경영,"취향을 설계하는 곳, 츠타야",마스다 무네아키,교과세특 추천도서 300
사회,경영,"파타고니아, 파도가 칠 때는 서핑을",이본 쉬나드,교과세특 추천도서 300
사회,경영,"한국상인, 중국상인, 일본상인",이영호,교과세특 추천도서 300
사회,경영,AI로 브랜딩하다,"서지영, 임승철",교과세특 추천도서 300
사회,경영,"B2B 경영, 훅하고 딜하라",배재훈,교과세특 추천도서 300
사회,경영,Z세대 트렌드 2024,대학내일20대연구소,교과세특 추천도서 300
사회,경제,10대를 위한 방과 후 주식 특강,박성현,교과세특 추천도서 300
사회,경제,1일 1단어 1분으로 끝내는 금융공부,이혜경,교과세특 추천도서 300
사회,경제,1일 1장 뽑아 쓰는 냅킨 경제학,티나 헤이,교과세특 추천도서 300
사회,경제,가난한 미국 부유한 중국,김연규,교과세특 추천도서 300
사회,경제,가짜 노동,"데니스 뇌르마르크, 아네르스 포그 옌센",교과세특 추천도서 300
사회,경제,경기순환 알고 갑시다,김영익,교과세특 추천도서 300
사회,경제,경제기사 궁금증 300문 300답,곽해선,교과세특 추천도서 300
사회,경제,경제학 콘서트 1,팀 하포드,교과세특 추천도서 300
사회,경제,경제학이 필요한 순간,김현철,교과세특 추천도서 300
사회,경제,국제거래와 환율 쫌 아는 10대,석혜원,교과세특 추천도서 300
사회,경제,금리의 역습,에드워드 챈슬러,교과세특 추천도서 300
사회,경제,기후를 위한 경제학,김병권,교과세특 추천도서 300
사회,경제,나쁜 사마리아인들,장하준,교과세특 추천도서 300
사회,경제,넛지: 파이널 에디션,"리처드 H. 탈러, 캐스 R. 선스타인",교과세특 추천도서 300
사회,경제,노이즈: 생각의 잡음,대니얼 카너먼 외,교과세특 추천도서 300
사회,경제,"다시, 케인스",존 메이너드 케인스 외,교과세특 추천도서 300
사회,경제,당신의 경제 IQ를 높여라,한순구,교과세특 추천도서 300
사회,경제,대한민국 돈의 역사,홍춘욱,교과세특 추천도서 300
사회,경제,대한민국에서 가장 쉽게 쓴 민법책,오수현,교과세특 추천도서 300
사회,경제,도넛 경제학,케이트 레이워스,교과세특 추천도서 300
사회,경제,도시는 왜 불평등한가,리처드 플로리다,교과세특 추천도서 300
사회,경제,도시는 왜 불평등한가,리처드 플로리다,교과세특 추천도서 300
사회,경제,돈으로 살 수 없는 것들,마이클 샌델,교과세특 추천도서 300
사회,경제,메타버스,김상균,교과세특 추천도서 300
사회,경제,메타버스 유토피아,마크 반 리메남,교과세특 추천도서 300
사회,경제,미래를 읽는 문화경제 트렌드,최연구,교과세특 추천도서 300
사회,경제,밥 먹여주는 경제학,셰종보,교과세특 추천도서 300
사회,경제,벤 버냉키의 21세기 통화 정책,벤 S. 버냉키,교과세특 추천도서 300
사회,경제,변절 빌런의 암호화폐 경제학,정재웅,교과세특 추천도서 300
사회,경제,부자 아빠 가난한 아빠1,로버트 기요사키,교과세특 추천도서 300
사회,경제,부자의 그릇,이즈미 마사토,교과세특 추천도서 300
사회,경제,블록체인과 코인 누가 돈을 버는가,예자선,교과세특 추천도서 300
사회,경제,세계시민이 된 실험경제반 아이들,김나영,교과세특 추천도서 300
사회,경제,세계지도를 펼치면 돈의 흐름이 보인다,박정호,교과세특 추천도서 300
사회,경제,스포츠도 인공지능이다,김명락,교과세특 추천도서 300
사회,경제,애덤 스미스,니콜라스 필립슨,교과세특 추천도서 300
사회,경제,앨빈 토플러 청소년 부의 미래,"앨빈 토플러, 하이디 토플러",교과세특 추천도서 300
사회,경제,예정된 미래,이현훈,교과세특 추천도서 300
사회,경제,왜 부자만 더 부유해질까,"해들리 다이어, 미첼 버나드",교과세특 추천도서 300
사회,경제,외계어 없이 이해하는 암호화폐,송범근,교과세특 추천도서 300
사회,경제,외식서비스 마케팅,김태희 외,교과세특 추천도서 300
사회,경제,위기의 역사,오건영,교과세특 추천도서 300
사회,경제,이강국의 경제 EXIT,이강국,교과세특 추천도서 300
사회,경제,일본이 온다,김현철,교과세특 추천도서 300
사회,경제,장하준의 경제학 레시피,장하준,교과세특 추천도서 300
사회,경제,죽은 경제학자의 살아있는 아이디어,토드 부크홀츠,교과세특 추천도서 300
사회,경제,지방소멸,마스다 히로야,교과세특 추천도서 300
사회,경제,지적 대화를 위한 넓고 얕은 지식 1,채사장,교과세특 추천도서 300
사회,경제,챗GPT가 내 생각을 훔친다면,김미주,교과세특 추천도서 300
사회,경제,청소년을 위한 위대한 경제학 고전 25권을 1권으로 읽는 책,홍기훈,교과세특 추천도서 300
사회,경제,"초강달러시대,돈의 흐름",홍재화,교과세특 추천도서 300
사회,경제,타임라인 경제교실,태지원,교과세특 추천도서 300
사회,경제,플랫폼노믹스,윤상진,교과세특 추천도서 300
사회,경제,화폐의 미래,에스와르 S. 프라사드,교과세특 추천도서 300
사회,경제,AI 이후의 세계,헨리 키신저 외,교과세특 추천도서 300
사회,교육,10대와 통하는 기후 정의 이야기,"권희중, 신승철",교과세특 추천도서 300
사회,교육,교사의 시선,김태현,교과세특 추천도서 300
사회,교육,"사진, 삶과 지리를 말하다",전국지리교사모임,교과세특 추천도서 300
사회,교육,"선생님, 오늘 체육 뭐해요?",성기백,교과세특 추천도서 300
사회,교육,아이가 사라지는 세상,조영태 외,교과세특 추천도서 300
사회,교육,언택트 교육의 미래,저스틴 라이시,교과세특 추천도서 300
사회,교육,인간의 교육,프리드리히 프뢰벨,교과세특 추천도서 300
사회,교육,젊은 교사에게 보내는 편지,조너선 코졸,교과세특 추천도서 300
사회,교육,지혜로운 교사는 어떻게 말하는가,"칙 무어만, 낸시 웨버",교과세특 추천도서 300
사회,교육,최고의 교육,"로베르타 골린코프, 캐시 허시-파섹",교과세특 추천도서 300
자연,과학,거의 모든 것의 역사,빌 브라이슨,교과세특 추천도서 300
자연,과학,"건축, 음악처럼 듣고 미술처럼 보다",서현,교과세특 추천도서 300
자연,과학,경험은 어떻게 유전자에 새겨지는가,데이비드 무어,교과세특 추천도서 300
자연,과학,공학이란 무엇인가,성풍현 외,교과세특 추천도서 300
자연,과학,과학으로 풀어보는 음악의 비밀,존 파웰,교과세특 추천도서 300
자연,과학,과학은 논쟁이다,이강영 외,교과세특 추천도서 300
자연,과학,과학의 미래 청소년이 묻고 과학자가 답하다,박승덕 외,교과세특 추천도서 300
자연,과학,과학혁명의 구조,토머스 S. 쿤,교과세특 추천도서 300
자연,과학,곽재식의 세균 박람회,곽재식,교과세특 추천도서 300
자연,과학,곽재식의 유령 잡는 화학자,곽재식,교과세특 추천도서 300
자연,과학,그림으로 보는 시간의 역사,스티븐 호킹,교과세특 추천도서 300
자연,과학,기계 속의 악마,폴 데이비스,교과세특 추천도서 300
자연,과학,기후의 힘,박정재,교과세특 추천도서 300
자연,과학,나노에 둘러싸인 하루,"김문제, 송선경",교과세특 추천도서 300
자연,과학,나노화학,장홍제,교과세특 추천도서 300
자연,과학,"나는 풍요로웠고, 지구는 달라졌다",호프 자런,교과세특 추천도서 300
자연,과학,나무를 심은 사람,장 지오노,교과세특 추천도서 300
자연,과학,내 속엔 미생물이 너무도 많아,에드 용,교과세특 추천도서 300
자연,과학,내 장은 왜 우울할까,윌리엄 데이비스,교과세특 추천도서 300
자연,과학,노화 공부,이덕철,교과세특 추천도서 300
자연,과학,눈먼 시계공,리처드 도킨스,교과세특 추천도서 300
자연,과학,다시 생각하는 원자력,어근선,교과세특 추천도서 300
자연,과학,동물의 감정에 관한 생각,프란스 드 발,교과세특 추천도서 300
자연,과학,디지털 포트리스 1,댄 브라운,교과세특 추천도서 300
자연,과학,떨림과 울림,김상욱,교과세특 추천도서 300
자연,과학,랩 걸,호프 자런,교과세특 추천도서 300
자연,과학,링크,A. L. 바라바시,교과세특 추천도서 300
자연,과학,만일 물리학으로 세상을 볼 수 있다면,정창욱,교과세특 추천도서 300
자연,과학,만화로 쉽게 배우는 전자회로,다나카 켄이치,교과세특 추천도서 300
자연,과학,머릿속에 쏙쏙! 미생물 노트,사마키 다케오,교과세특 추천도서 300
자연,과학,무엇을 먹을 것인가,"콜린 캠벨, 토마스 캠밸",교과세특 추천도서 300
자연,과학,물의 자연사,앨리스 아웃워터,교과세특 추천도서 300
자연,과학,미래에서 온 남자 폰 노이만,아난요 바타차리야,교과세특 추천도서 300
자연,과학,미술관에 간 화학자,전창림,교과세특 추천도서 300
자연,과학,미적분의 쓸모,한화택,교과세특 추천도서 300
자연,과학,바이오테크 시대,제러미 리프킨,교과세특 추천도서 300
자연,과학,부분과 전체,베르너 하이젠베르크,교과세특 추천도서 300
자연,과학,사계절 기억책,최원형,교과세특 추천도서 300
자연,과학,사이버네틱스,노버트 위너,교과세특 추천도서 300
자연,과학,상상 오디세이,최재천 외,교과세특 추천도서 300
자연,과학,새로운 약은 어떻게 창조되나,교토대학대학원 약학연구과,교과세특 추천도서 300
자연,과학,"생명과학, 공학을 만나다",유영제,교과세특 추천도서 300
자연,과학,"생명설계도, 게놈",매트 리들리,교과세특 추천도서 300
자연,과학,생물학의 쓸모,김응빈,교과세특 추천도서 300
자연,과학,생애주기 영양학,이연숙 외,교과세특 추천도서 300
자연,과학,세상을 바꾼 과학 이야기,권기균,교과세특 추천도서 300
자연,과학,소탐대실,JTBC 소탐대실 제작진,교과세특 추천도서 300
자연,과학,수상한 생선의 진짜로 해부하는 과학책1: 바다 생물,김준연,교과세특 추천도서 300
자연,과학,숲은 고요하지 않다,마들렌 치게,교과세특 추천도서 300
자연,과학,시간은 흐르지 않는다,카를로 로벨리,교과세특 추천도서 300
자연,과학,시그널 기후의 경고,안영인,교과세특 추천도서 300
자연,과학,시크릿 스페이스,서울과학교사모임,교과세특 추천도서 300
자연,과학,식물의 책,이소영,교과세특 추천도서 300
자연,과학,식물학자의 노트,신혜우,교과세특 추천도서 300
자연,과학,신약의 탄생,윤태진,교과세특 추천도서 300
자연,과학,아무도 본 적 없던 바다,에디스 위더,교과세특 추천도서 300
자연,과학,"안녕, 지구의 과학",소영무,교과세특 추천도서 300
자연,과학,알기 쉬운 대기과학,한국기상학회,교과세특 추천도서 300
자연,과학,에너지가 바꾼 세상,후루타치 고스케,교과세특 추천도서 300
자연,과학,엔드 오브 타임,브라이언 그린,교과세특 추천도서 300
자연,과학,엔트로피,제러미 리프킨,교과세특 추천도서 300
자연,과학,엘러건트 유니버스,브라이언 그린,교과세특 추천도서 300
자연,과학,역노화,세르게이 영,교과세특 추천도서 300
자연,과학,올 댓 코스메틱,김동찬,교과세특 추천도서 300
자연,과학,우아한 분자,장피에르 소바주,교과세특 추천도서 300
자연,과학,우주미션 이야기,황정아,교과세특 추천도서 300
자연,과학,"우주에서 전합니다, 당신의 동료로부터",노구치 소이치,교과세특 추천도서 300
자연,과학,우주탐사의 물리학,윤복원,교과세특 추천도서 300
자연,과학,웃음이 닮았다,칼 짐머,교과세특 추천도서 300
자연,과학,위대하고 위험한 약 이야기,정진호,교과세특 추천도서 300
자연,과학,"음식의 영혼, 발효의 모든 것",샌더 엘릭스 카츠,교과세특 추천도서 300
자연,과학,의사와 수의사가 만나다,"바버라 내터슨 호러위츠, 캐스린 바워스",교과세특 추천도서 300
자연,과학,이기고 싶으면 스포츠 과학,제니퍼 스완슨,교과세특 추천도서 300
자연,과학,이토록 굉장한 세계,에드 용,교과세특 추천도서 300
자연,과학,인수공통 모든 전염병의 열쇠,데이비드 콰먼,교과세특 추천도서 300
자연,과학,입속에서 시작하는 미생물 이야기,김혜성,교과세특 추천도서 300
자연,과학,재밌어서 밤새읽는 화학 이야기,사마키 다케오,교과세특 추천도서 300
자연,과학,재생에너지와의 공존,안희민,교과세특 추천도서 300
자연,과학,정석근 교수의 되짚어보는 수산학,정석근,교과세특 추천도서 300
자연,과학,정원의 세계,제임스 나르디,교과세특 추천도서 300
자연,과학,정재승의 과학콘서트,정재승,교과세특 추천도서 300
자연,과학,종의 기원,찰스 다윈,교과세특 추천도서 300
자연,과학,죽음의 밥상,"피터 싱어, 짐 메이슨",교과세특 추천도서 300
자연,과학,천문학 이야기,팀 제임스,교과세특 추천도서 300
자연,과학,치과의사는 입만 진료하지 않는다,아이다 요시테루,교과세특 추천도서 300
자연,과학,침묵의 봄,레이첼 카슨,교과세특 추천도서 300
자연,과학,코스모스,칼 세이건,교과세특 추천도서 300
자연,과학,"파인만 씨, 농담도 잘하시네! 1",리처드 파인만,교과세특 추천도서 300
자연,과학,팬데믹,홍윤철,교과세특 추천도서 300
자연,과학,하리하라의 바이오 사이언스,이은희,교과세특 추천도서 300
자연,과학,향수 A to Z,콜렉티프 네,교과세특 추천도서 300
자연,과학,현장 중심의 영양교육과 상담,서정숙 외,교과세특 추천도서 300
자연,과학,호모 커먼스,홍윤철,교과세특 추천도서 300
자연,과학,화학으로 이루어진 세상,K. 메데페셀헤르만 외,교과세특 추천도서 300
자연,과학,"흙, 생명을 담다",게이브 브라운,교과세특 추천도서 300
자연,과학,IT 삼국지,김정남,교과세특 추천도서 300
자연,수학,교실 밖 수학여행,"김선화, 여태경",교과세특 추천도서 300
자연,수학,길 위의 수학자,릴리언 R. 리버,교과세특 추천도서 300
자연,수학,나는 수학으로 세상을 읽는다,롭 이스터웨이,교과세특 추천도서 300
자연,수학,넘버스,"키스 테블린, 게리 로든",교과세특 추천도서 300
자연,수학,"다시, 수학이 필요한 순간",김민형,교과세특 추천도서 300
자연,수학,대량살상 수학무기,캐시 오닐,교과세특 추천도서 300
자연,수학,두근두근 수학 공감,권오남 외,교과세특 추천도서 300
자연,수학,"문명, 수학의 필하모니",김홍종,교과세특 추천도서 300
자연,수학,문명과 수학,EBS ?문명과 수학? 제작팀,교과세특 추천도서 300
자연,수학,미래의 수학자에게,이언 스튜어트,교과세특 추천도서 300
자연,수학,미술관에 간 수학자,이광연,교과세특 추천도서 300
자연,수학,미적분으로 바라본 하루,오스카 E. 페르난데스,교과세특 추천도서 300
자연,수학,미적분의 쓸모,한화택,교과세특 추천도서 300
자연,수학,박경미의 수학콘서트 플러스,박경미,교과세특 추천도서 300
자연,수학,박경미의 수학N,박경미,교과세특 추천도서 300
자연,수학,법정에 선 수학,"레일라 슈넵스, 코랄리 콜메즈",교과세특 추천도서 300
자연,수학,보이는 수학책,박만구,교과세특 추천도서 300
자연,수학,"새빨간 거짓말, 통계",대럴 허프,교과세특 추천도서 300
자연,수학,"새빨간 거짓말, 통계",대럴 허프,교과세특 추천도서 300
자연,수학,색다른 수학의 발견,안정미 외,교과세특 추천도서 300
자연,수학,생명의 수학,이언 스튜어트,교과세특 추천도서 300
자연,수학,세계를 바꾼 17가지 방정식,이언 스튜어트,교과세특 추천도서 300
자연,수학,세상에서 수학이 사라진다면,매트 파커,교과세특 추천도서 300
자연,수학,세상을 바꾼 수학자들 이야기,이무현,교과세특 추천도서 300
자연,수학,세상의 모든 수학,에르베 레닝,교과세특 추천도서 300
자연,수학,수학 생각공작소,크리스티안 헤세,교과세특 추천도서 300
자연,수학,"수학, 세계사를 만나다",이광연,교과세특 추천도서 300
자연,수학,"수학, 인문으로 수를 읽다",이광연,교과세특 추천도서 300
자연,수학,수학은 암기다,김현정,교과세특 추천도서 300
자연,수학,수학은 어떻게 문명을 만들었는가,마이클 브룩스,교과세특 추천도서 300
자연,수학,수학의 감각,박병하,교과세특 추천도서 300
자연,수학,수학의 눈으로 보면 다른 세상이 열린다,나동혁,교과세특 추천도서 300
자연,수학,수학의 쓸모,"닉 폴슨, 제임스 스콧 벨",교과세특 추천도서 300
자연,수학,수학의 쓸모,"닉 폴슨, 제임스 스콧 벨",교과세특 추천도서 300
자연,수학,수학의 아름다움,우쥔,교과세특 추천도서 300
자연,수학,수학의 언어로 세상을 본다면,오구리 히로시,교과세특 추천도서 300
자연,수학,수학의 원리 철학으로 캐다,김용운,교과세특 추천도서 300
자연,수학,수학자들,마이클 아티야 외,교과세특 추천도서 300
자연,수학,수학책을 탈출한 미적분,류치,교과세특 추천도서 300
자연,수학,어느 수학자의 변명,G. H. 하디,교과세특 추천도서 300
자연,수학,오일러가 사랑한 수 e,엘리 마오,교과세특 추천도서 300
자연,수학,우리가 수학을 사랑한 이유,전혜진,교과세특 추천도서 300
자연,수학,위험한 숫자들,사너 블라우,교과세특 추천도서 300
자연,수학,이상한 수학책,벤 올린,교과세특 추천도서 300
자연,수학,이토록 아름다운 수학이라면,최영기,교과세특 추천도서 300
자연,수학,일하는 수학,시노자키 나오코,교과세특 추천도서 300
자연,수학,천재 수학자들의 영광과 좌절,후지와라 마사히코,교과세특 추천도서 300
자연,수학,청소년을 위한 수학자 이야기,모리 쓰요시,교과세특 추천도서 300
자연,수학,카오스,제임스 글릭,교과세특 추천도서 300
자연,수학,통계101×데이터 분석,아베 마사토,교과세특 추천도서 300
자연,수학,통계의 미학,최제호,교과세특 추천도서 300
자연,수학,틀리지 않는 법,조던 엘렌버그,교과세특 추천도서 300
자연,수학,페르마의 마지막 정리,사이먼 싱,교과세특 추천도서 300
자연,수학,피타고라스 생각 수업,이광연,교과세특 추천도서 300
자연,수학,학문의 즐거움,히로나카 헤이스케,교과세특 추천도서 300
자연,수학,X의 즐거움,스티븐 스트로가츠,교과세특 추천도서 300
자연,환경,100가지 동물로 읽는 세계사,사이먼 반즈,교과세특 추천도서 300
자연,환경,2050 거주불능 지구,데이비드 윌러스 웰즈,교과세특 추천도서 300
자연,환경,그리드,그레천 바크,교과세특 추천도서 300
자연,환경,그린 쇼크,최승신 외,교과세특 추천도서 300
자연,환경,기후 위기 부의 대전환,홍종호,교과세특 추천도서 300
자연,환경,기후 책,그레타 툰베리,교과세특 추천도서 300
자연,환경,기후로 다시 읽는 세계사,이동민,교과세특 추천도서 300
자연,환경,"기후변화, 그게 좀 심각합니다",빌 맥과이어,교과세특 추천도서 300
자연,환경,기후변화와 에너지산업의 미래,에너지고위경영자과정 변화와 미래 포럼,교과세특 추천도서 300
자연,환경,기후위기 행동사전,김병권 외,교과세특 추천도서 300
자연,환경,기후위기와 탄소중립 수업 이야기,한문정,교과세특 추천도서 300
자연,환경,기후피해세대를 넘어 기후기회세대로,이재형,교과세특 추천도서 300
자연,환경,꿈의 도시 꾸리찌바,박용남,교과세특 추천도서 300
자연,환경,나는 다르게 생각한다,이일훈,전라북도 교육청
자연,환경,나는 풍요로웠고 지구는 달라졌다,호프 자런,교과세특 추천도서 300
자연,환경,"나는 풍요로웠고, 지구는 달라졌다",호프 자런,교과세특 추천도서 300
자연,환경,당신의 쓰레기는 재활용되지 않았다,미카엘라 르 뫼르,교과세특 추천도서 300
자연,환경,대한민국 탄소중립 2050,KEI 한국환경연구원,교과세특 추천도서 300
자연,환경,더 월,존 란체스터,교과세특 추천도서 300
자연,환경,무법의 바다,이언 어비나,교과세특 추천도서 300
자연,환경,미래를 위한 환경철학,김완구 외,교과세특 추천도서 300
자연,환경,브레이킹 바운더리스,"요한 록스트룀, 오웬 가프니",교과세특 추천도서 300
자연,환경,"빌 게이츠, 기후재앙을 피하는 법",빌 게이츠,교과세특 추천도서 300
자연,환경,사라져 가는 음식들,댄 살라디노,교과세특 추천도서 300
자연,환경,생명을 보는 마음,김성호,교과세특 추천도서 300
자연,환경,생물들의 마지막 이야기,이마이즈미 타다아키,교과세특 추천도서 300
자연,환경,생태민주주의,구도완,교과세특 추천도서 300
자연,환경,"생태적 전환, 슬기로운 지구 생활을 위하여",최재천,교과세특 추천도서 300
자연,환경,스노볼 드라이브,조예은,교과세특 추천도서 300
자연,환경,시그널 기후의 경고,안영인,교과세특 추천도서 300
자연,환경,식사혁명,남기선,교과세특 추천도서 300
자연,환경,쓰레기에 관한 모든 것,"피에로 마틴, 알레산드라 비올라",교과세특 추천도서 300
자연,환경,알기 쉬운 대기과학,한국기상학회,교과세특 추천도서 300
자연,환경,오늘의 기후,노광준,교과세특 추천도서 300
자연,환경,우리는 플라스틱 없이 살기로 했다,산드라 크라우드바슐,교과세특 추천도서 300
자연,환경,우린 일회용이 아니니까,고금숙,교과세특 추천도서 300
자연,환경,우주 쓰레기가 온다,최은정,교과세특 추천도서 300
자연,환경,"위기의 지구, 물러설 곳 없는 인간",남성현,교과세특 추천도서 300
자연,환경,이러다 지구에 플라스틱만 남겠어,강신호,교과세특 추천도서 300
자연,환경,인권으로 살펴본 기후 위기 이야기,최우리 외,교과세특 추천도서 300
자연,환경,인류를 식량 위기에서 구할 음식의 모험가들,아만다 리틀,교과세특 추천도서 300
자연,환경,재생에너지와의 공존,안희민,교과세특 추천도서 300
자연,환경,적을수록 풍요롭다,제이슨 히켈,교과세특 추천도서 300
자연,환경,지구 파괴의 역사,김병민,교과세특 추천도서 300
자연,환경,지구를 살리는 기발한 물건 10,박경화,교과세특 추천도서 300
자연,환경,지구를 살리는 업사이클링 환경놀이,Eco-STEAM 연구회,교과세특 추천도서 300
자연,환경,지구를 쓰다가,최우리,교과세특 추천도서 300
자연,환경,지구별 생태사상가,황대권 외,교과세특 추천도서 300
자연,환경,지구의 마지막 숲을 걷다,벤 롤런스,교과세특 추천도서 300
자연,환경,지금 시작하는 나의 환경수업,홍세영,교과세특 추천도서 300
자연,환경,지속가능한 세상에서 도시는 생명체다!,"배성호, 주수원",교과세특 추천도서 300
자연,환경,참나무라는 우주,더글라스 탈라미,교과세특 추천도서 300
자연,환경,키워드 기후 위기 이야기,이상수,교과세특 추천도서 300
자연,환경,탄소 농업,허북구,교과세특 추천도서 300
자연,환경,허리케인 도마뱀과 플라스틱 오징어,소어 핸슨,교과세특 추천도서 300
자연,환경,화학의 눈으로 보면 녹색지구가 펼쳐진다,원정현,교과세특 추천도서 300
자연,환경,환경사란 무엇인가?,도널드 휴즈,교과세특 추천도서 300
자연,생명,10퍼센트 인간,앨러나 콜렌,교과세특 추천도서 300
자연,생명,개미와 공작,헬레나 크로닌,교과세특 추천도서 300
자연,생명,게놈 오디세이,유안 A 애슐리,교과세특 추천도서 300
자연,생명,과학을 달리는 십대: 생명과학,박재용,교과세특 추천도서 300
자연,생명,과학이 된 무모한 도전들,마르흐레이트 데 헤이르,교과세특 추천도서 300
자연,생명,교실 밖에서 듣는 바이오메디컬공학,임창환 외,교과세특 추천도서 300
자연,생명,"기후환경, 바이오를 만나다",유영제,교과세특 추천도서 300
자연,생명,꼬리에 꼬리를 무는 호모 사피엔스,정주혜,교과세특 추천도서 300
자연,생명,나는 미생물과 산다,김응빈,교과세특 추천도서 300
자연,생명,나의 첫 뇌과학 수업,"앨리슨 콜드웰, 미카 콜드웰",교과세특 추천도서 300
자연,생명,"내 몸 안의 작은 우주, 분자생물학",하기와라 기요후미,교과세특 추천도서 300
자연,생명,내가 유전자 쇼핑으로 태어난 아이라면,정혜경,교과세특 추천도서 300
자연,생명,뇌과학자는 영화에서 인간을 본다,정재승,교과세특 추천도서 300
자연,생명,뇌를 둘러싼 오해와 진실,크리스천 재럿,교과세특 추천도서 300
자연,생명,"뇌를 바꾼 공학, 공학을 바꾼 뇌",임창환,교과세특 추천도서 300
자연,생명,다윈의 식탁,장대익,교과세특 추천도서 300
자연,생명,닥터 바이오헬스,김은기,교과세특 추천도서 300
자연,생명,도파민네이션,애나 렘키,교과세특 추천도서 300
자연,생명,맛있는 요리에는 과학이 있다,아라후네 요시타카 외,교과세특 추천도서 300
자연,생명,매일 매일의 진화 생물학,롭 브룩스,교과세특 추천도서 300
자연,생명,모든 생명은 서로 돕는다,박종무,교과세특 추천도서 300
자연,생명,물질에서 생명으로,노정혜 외,교과세특 추천도서 300
자연,생명,미래의 최고 직업 바이오가 답이다,김은기,교과세특 추천도서 300
자연,생명,"미래혁신기술, 자연에서 답을 찾다",김완두,교과세특 추천도서 300
자연,생명,미토콘드리아,닉 레인,교과세특 추천도서 300
자연,생명,바이오산업혁명,유영제,교과세특 추천도서 300
자연,생명,바이오테크 시대,제러미 리프킨,교과세특 추천도서 300
자연,생명,부엌의 화학자,라파엘 오몽,교과세특 추천도서 300
자연,생명,브레인 3.0,임창환,교과세특 추천도서 300
자연,생명,사소한 것들의 과학,마크 미오도닉,교과세특 추천도서 300
자연,생명,사이언스 소믈리에,강석기,교과세특 추천도서 300
자연,생명,"생명, 경계에 서다","짐 알칼릴리, 존조 맥패든",교과세특 추천도서 300
자연,생명,생명공학기술과 생명산업,김승욱,교과세특 추천도서 300
자연,생명,"생명과학, 공학을 만나다",유영제,교과세특 추천도서 300
자연,생명,"생명과학, 공학을 만나다",유영제,교과세특 추천도서 300
자연,생명,"생명과학, 바이오테크로 날개달다",김응빈,교과세특 추천도서 300
자연,생명,"생명과학, 신에게 도전하다",김응빈 외,교과세특 추천도서 300
자연,생명,생명이 있는 것은 다 아름답다,최재천,교과세특 추천도서 300
자연,생명,생명이란 무엇인가,폴 너스,교과세특 추천도서 300
자연,생명,생물과 무생물 사이,후쿠오카 신이치,교과세특 추천도서 300
자연,생명,세계를 움직인 과학의 고전들,가마타 히로키,교과세특 추천도서 300
자연,생명,세상에서 가장 재미있는 생물학,데이브 웨스너,교과세특 추천도서 300
자연,생명,세상을 바꾼 생명과학,원정현,교과세특 추천도서 300
자연,생명,세상을 바꿀 미래 의학 설명서,사라 라타,교과세특 추천도서 300
자연,생명,세포부터 나일까? 언제부터 나일까?,이고은,교과세특 추천도서 300
자연,생명,슈퍼버그,맷 매카시,교과세특 추천도서 300
자연,생명,식탁 위의 미생물,캐서린 하먼 커리지,교과세특 추천도서 300
자연,생명,신체 설계자,애덤 피오리,교과세특 추천도서 300
자연,생명,아파트 생물학,곽재식,교과세특 추천도서 300
자연,생명,웃음이 닮았다,칼 짐머,교과세특 추천도서 300
자연,생명,지속가능한 세상에서 동물과 공존한다는 것,"배성호, 주수원",교과세특 추천도서 300
자연,생명,천 개의 뇌,제프 호킨스,교과세특 추천도서 300
자연,생명,초파리,마틴 브룩스,교과세특 추천도서 300
공학,건축,감응의 건축,정기용,전라북도 교육청
공학,건축,건축과 객체,승효상,전라북도 교육청
공학,건축,보이지 않는 건축 움직이는 도시,그레이엄 하먼,교과세특 추천도서 300
공학,건축,"시간과 공간의 연결, 교통이야기",국형걸,교과세특 추천도서 300
공학,건축,요즈음 건축,Neil Leach,교과세특 추천도서 300
공학,건축,인공지능시대의 건축: 건축가들을 위한 AI 입문,대한교통학회,교과세특 추천도서 300
공학,건축,자연과 문명의 조화 토목공학,대한토목학회 출판위원회,교과세특 추천도서 300
공학,기계공학,10대에게 권하는 공학,한화택,교과세특 추천도서 300
공학,기계공학,10대에게 권하는 물리학,이강영,교과세특 추천도서 300
공학,기계공학,1분 물리학,중국과학원 물리연구소,교과세특 추천도서 300
공학,기계공학,공학의 눈으로 미래를 설계하라,연세대학교 공과대학,교과세특 추천도서 300
공학,기계공학,공학자의 세상 보는 눈,유만선,교과세특 추천도서 300
공학,기계공학,과학으로 보는 4차 산업과 미래 직업,이보경,교과세특 추천도서 300
공학,기계공학,과학의 역사,윌리엄 바이넘,교과세특 추천도서 300
공학,기계공학,교실 밖에서 듣는 바이오메디컬공학,임창환 외,교과세특 추천도서 300
공학,기계공학,기계는 어떻게 생각하고 학습하는가,닉 보스트롬 외,교과세특 추천도서 300
공학,기계공학,기계는 어떻게 생각하는가?,숀 게리시,교과세특 추천도서 300
공학,기계공학,나는 플랜트 엔지니어입니다,박정호,교과세특 추천도서 300
공학,기계공학,나사의 벌,로버트 워,교과세특 추천도서 300
공학,기계공학,냉장고의 역사를 통해 살펴보는 필요의 탄생,헬렌 피빗,교과세특 추천도서 300
공학,기계공학,"누리호, 우주로 가는 길을 열다",오승협,교과세특 추천도서 300
공학,기계공학,만일 물리학으로 세상을 볼 수 있다면,정창욱,교과세특 추천도서 300
공학,기계공학,모든 움직이는 것들의 과학,한근우,교과세특 추천도서 300
공학,기계공학,모빌리티 기술혁명 미래보고서 2030,박승대,교과세특 추천도서 300
공학,기계공학,물리적 힘,헨리 페트로스키,교과세특 추천도서 300
공학,기계공학,물리지 않는 물리학,이노키 마사후미,교과세특 추천도서 300
공학,기계공학,물은 H2O인가?,장하석,교과세특 추천도서 300
공학,기계공학,미래 모빌리티 UAM에 투자하라,이재광,교과세특 추천도서 300
공학,기계공학,세상을 바꾼 과학 이야기,권기균,교과세특 추천도서 300
공학,기계공학,아주 위험한 과학책,랜들 먼로,교과세특 추천도서 300
공학,기계공학,알기 쉬운 철도과학,가와베 켄이치,교과세특 추천도서 300
공학,기계공학,"앨런 튜링: 생각하는 기계, 인공지능을 처음 생각한 남자",짐 오타비아니,교과세특 추천도서 300
공학,기계공학,우주미션 이야기,황정아,교과세특 추천도서 300
공학,기계공학,우주시대에 오신 것을 환영합니다,켈리 제라디,교과세특 추천도서 300
공학,기계공학,우주탐사 매뉴얼,김성수,교과세특 추천도서 300
공학,기계공학,우주탐사의 물리학,윤복원,교과세특 추천도서 300
공학,기계공학,유체역학,Yunus A. Cengel 외,교과세특 추천도서 300
공학,기계공학,"유클리드기하학, 문제해결의 기술",박종하,교과세특 추천도서 300
공학,기계공학,일론 머스크,윌터 아이작슨,교과세특 추천도서 300
공학,기계공학,창의력에 미쳐라,김광희,교과세특 추천도서 300
공학,기계공학,처음 읽는 인공위성 원격탐사 이야기,김현옥,교과세특 추천도서 300
공학,기계공학,처음 읽는 플랜트 엔지니어링 이야기,박정호,교과세특 추천도서 300
공학,기계공학,천재들의 과학노트 3: 물리학,캐서린 쿨렌,교과세특 추천도서 300
공학,기계공학,커피 얼룩의 비밀,송현수,교과세특 추천도서 300
공학,기계공학,클래식 파인만,"리처드 파인만, 랠프 레이턴",교과세특 추천도서 300
공학,기계공학,플라잉,임재한,교과세특 추천도서 300
공학,기계공학,플라잉,임재한,교과세특 추천도서 300
공학,기계공학,한 번 읽으면 절대 잊을 수 없는 물리 교과서,이케스에 쇼타,교과세특 추천도서 300
공학,기계공학,형태의 기원,크리스토퍼 윌리엄스,교과세특 추천도서 300
공학,기계공학,환경은 걱정되지만 뭘 해야 할지 모르는 사람들을 위한 과학과 기술,한치환,교과세특 추천도서 300
공학,로봇공학,"1.4킬로그램의 우주, 뇌",정재승 외,교과세특 추천도서 300
공학,로봇공학,기초 로봇공학,"오가와 코이치, 카토 료조",교과세특 추천도서 300
공학,로봇공학,나는 사이보그가 되기로 했다,피터 스콧-모건,교과세특 추천도서 300
공학,로봇공학,다빈치가 된 알고리즘,이재박,교과세특 추천도서 300
공학,로봇공학,다윈의 물고기,존 롱,교과세특 추천도서 300
공학,로봇공학,"데니스 홍, 상상을 현실로 만드는 법",데니스 홍,교과세특 추천도서 300
공학,로봇공학,레고로 배우는 기계의 운동원리 152,김창량,교과세특 추천도서 300
공학,로봇공학,"로봇 시대, 인간의 일",구본권,교과세특 추천도서 300
공학,로봇공학,로봇으로 철학하기,김숙,교과세특 추천도서 300
공학,로봇공학,로봇은 교사를 대체할 것인가?,닐 셀윈,교과세특 추천도서 300
공학,로봇공학,로봇은 인간을 지배할 수 있을까?,이종호,교과세특 추천도서 300
공학,로봇공학,로봇을 이기면 행복 지면 불행,일월,교과세특 추천도서 300
공학,로봇공학,로봇의 부상,마틴 포드,교과세특 추천도서 300
공학,로봇공학,로봇의 자리,전치형,교과세특 추천도서 300
공학,로봇공학,로봇의 지배,마틴 포드,교과세특 추천도서 300
공학,로봇공학,로켓의 과학적 원리와 구조,데이비드 베이커,교과세특 추천도서 300
공학,로봇공학,리얼 로봇공학자,박지은,교과세특 추천도서 300
공학,로봇공학,메타 도구의 시대,최윤식,교과세특 추천도서 300
공학,로봇공학,법정에 출석한 인공지능,양희철,교과세특 추천도서 300
공학,로봇공학,봇 이야기,"닉 모나코, 새뮤얼 울리",교과세특 추천도서 300
공학,로봇공학,사이보그 시티즌,크리스 그레이,교과세특 추천도서 300
공학,로봇공학,새로운 무의식,레오나르드 믈로디노프,교과세특 추천도서 300
공학,로봇공학,새로운 전쟁,폴 사레,교과세특 추천도서 300
공학,로봇공학,신과 로봇,에이드리엔 메이어,교과세특 추천도서 300
공학,로봇공학,십 대를 위한 영화 속 로봇인문학 여행,전승민,교과세특 추천도서 300
공학,로봇공학,예술과 인공지능,이재박,교과세특 추천도서 300
공학,로봇공학,인간은 필요 없다,제리 카플란,교과세특 추천도서 300
공학,로봇공학,인공지능과 로봇의 윤리,고인석,교과세특 추천도서 300
공학,로봇공학,인공지능과 미래사회: 인공지능시대 사회.윤리.문화,정보현,교과세특 추천도서 300
공학,로봇공학,인지 도구,세실리아 헤이즈,교과세특 추천도서 300
공학,로봇공학,제4의 시대,바이런 리스,교과세특 추천도서 300
공학,로봇공학,천 개의 뇌,제프 호킨스,교과세특 추천도서 300
공학,로봇공학,햅틱스,리넷 존스,교과세특 추천도서 300
공학,로봇공학,호모 데우스,유발 하라리,교과세특 추천도서 300
공학,로봇공학,확률론적 로보틱스,세바스찬 스런 외,교과세특 추천도서 300
공학,로봇공학,"휴보, 세계 최고의 재난구조로봇",전승민,교과세특 추천도서 300
공학,로봇공학,휴보이즘,전승민,교과세특 추천도서 300
공학,로봇공학,AI 경제,로저 부틀,교과세특 추천도서 300
공학,로봇공학,AI로봇과 범죄,송기복,교과세특 추천도서 300
공학,로봇공학,AI의 미래 생각하는 기계,토비 윌시,교과세특 추천도서 300
공학,로봇공학,SF영화와 로봇 사회학,민경배,교과세특 추천도서 300
공학,컴퓨터공학,2024 IT 메가 트렌드,김재필,교과세특 추천도서 300
공학,컴퓨터공학,4차 산업혁명과 미래사회,"안병태, 정화영",교과세특 추천도서 300
공학,컴퓨터공학,거의 모든 IT의 역사,정지훈,교과세특 추천도서 300
공학,컴퓨터공학,공학윤리,"E. G. Seebauer, Robert L. Barry",교과세특 추천도서 300
공학,컴퓨터공학,과학이 필요한 시간,궤도,교과세특 추천도서 300
공학,컴퓨터공학,구글 엔지니어는 이렇게 일한다,타이터스 윈터스 외,교과세특 추천도서 300
공학,컴퓨터공학,내 코드가 그렇게 이상한가요?,센바 다이야,교과세특 추천도서 300
공학,컴퓨터공학,누구나 쉽게 배우는 인공지능 스타트,박동규,교과세특 추천도서 300
공학,컴퓨터공학,데이터통신과 네트워킹,조성호,교과세특 추천도서 300
공학,컴퓨터공학,디지털 트렌드 2024,김지혜,교과세특 추천도서 300
공학,컴퓨터공학,만화로 보는 IT 상식사전,윤진,교과세특 추천도서 300
공학,컴퓨터공학,메타버스 시대의 사물 인터넷,"양순옥, 김성석",교과세특 추천도서 300
공학,컴퓨터공학,메타버스 쫌 아는 10대,송해엽 외,교과세특 추천도서 300
공학,컴퓨터공학,모바일 미래보고서 2024,커넥팅랩,교과세특 추천도서 300
공학,컴퓨터공학,미래를 바꾼 아홉 가지 알고리즘,존 맥코믹,교과세특 추천도서 300
공학,컴퓨터공학,미래를 바꿀 IT 과학이야기,이재영,교과세특 추천도서 300
공학,컴퓨터공학,박태웅의 AI 강의,박태웅,교과세특 추천도서 300
공학,컴퓨터공학,보이지 않는 위협,김홍선,교과세특 추천도서 300
공학,컴퓨터공학,비전공자도 이해할 수 있는 AI 지식,박상길,교과세특 추천도서 300
공학,컴퓨터공학,빅데이터 개론,한국소프트웨어기술인협회 빅데이터전략연구소,교과세특 추천도서 300
공학,컴퓨터공학,사물인터넷 개론,서경환 외,교과세특 추천도서 300
공학,컴퓨터공학,생각하지 않는 사람들,니콜라스 카,교과세특 추천도서 300
공학,컴퓨터공학,세상에서 가장 쉬운 테크놀로지 수업,이와사키 미나코 외,교과세특 추천도서 300
공학,컴퓨터공학,세상을 바꿀 미래기술 12가지,한국현,교과세특 추천도서 300
공학,컴퓨터공학,세상을 바꿀 미래기술 25,이데일리 미래기술 특별취재팀,교과세특 추천도서 300
공학,컴퓨터공학,스마트시티 에볼루션,박찬호 외,교과세특 추천도서 300
공학,컴퓨터공학,알아두면 쓸모 있는 IT 상식,정철환,교과세특 추천도서 300
공학,컴퓨터공학,앰비언트,김학용,교과세특 추천도서 300
공학,컴퓨터공학,어둠 속의 추적자들,앤디 그린버그,교과세특 추천도서 300
공학,컴퓨터공학,오늘날 우리는 컴퓨터라 부른다,마틴 데이비스,교과세특 추천도서 300
공학,컴퓨터공학,오늘부터 IT를 시작합니다,고코더,교과세특 추천도서 300
공학,컴퓨터공학,우리의 미래를 결정할 과학 4.0,박재용,교과세특 추천도서 300
공학,컴퓨터공학,웹 3.0 넥스트 이코노미,김미경 외,교과세특 추천도서 300
공학,컴퓨터공학,인공지능 유리,피브르티그르 외,교과세특 추천도서 300
공학,컴퓨터공학,인공지능과 딥러닝,마쓰오 유타카,교과세특 추천도서 300
공학,컴퓨터공학,인공지능의 철학윤리수업,우버들 외,교과세특 추천도서 300
공학,컴퓨터공학,임베디드의 모든 것,구제길 외,교과세특 추천도서 300
공학,컴퓨터공학,챗GPT로 대화하는 기술,박해선,교과세특 추천도서 300
공학,컴퓨터공학,챗GPT에게 묻는 인류의 미래,"김대식, 챗GPT",교과세특 추천도서 300
공학,컴퓨터공학,처음 읽는 양자컴퓨터 이야기,다케다 타로,교과세특 추천도서 300
공학,컴퓨터공학,핀테크 금융 서비스 가이드,데비 모한,교과세특 추천도서 300
공학,컴퓨터공학,AI 2041,"리카이푸, 천치우판",교과세특 추천도서 300
공학,컴퓨터공학,"AI 시대, 엔터테인먼트의 미래",한정훈,교과세특 추천도서 300
공학,컴퓨터공학,AI 전쟁,"하정우, 한상기",교과세특 추천도서 300
공학,컴퓨터공학,CES 2023 빅테크 9,김재필,교과세특 추천도서 300
공학,컴퓨터공학,IT 좀 아는 사람,닐 메타 외,교과세특 추천도서 300
공학,소프트웨어공학,개발자가 되고 싶습니다,앨런,교과세특 추천도서 300
공학,소프트웨어공학,구글 엔지니어는 이렇게 일한다,타이터스 윈터스 외,교과세특 추천도서 300
공학,소프트웨어공학,그림으로 배우는 AI,미츠무라 나오키,교과세특 추천도서 300
공학,소프트웨어공학,나도 하는 파이썬 데이터 분석,"김규석, 김현정",교과세특 추천도서 300
공학,소프트웨어공학,노코드/로우코드,필 사이먼,교과세특 추천도서 300
공학,소프트웨어공학,다정한 인공지능을 만나다,장대익,교과세특 추천도서 300
공학,소프트웨어공학,"디지털 시대, 새로운 기회를 여는 최소한의 코딩지식",EBS코딩 소프트웨어 시대 제작팀 외,교과세특 추천도서 300
공학,소프트웨어공학,만들면서 배우는 생성 AI,데이비드 포스터,교과세특 추천도서 300
공학,소프트웨어공학,메타버스 모든 것의 혁명,매튜 볼,교과세특 추천도서 300
공학,소프트웨어공학,메타버스에선 무슨 일이 일어날까?,이동은,교과세특 추천도서 300
공학,소프트웨어공학,메타인지의 힘,구본권,교과세특 추천도서 300
공학,소프트웨어공학,모빌리티의 미래,서성현,교과세특 추천도서 300
공학,소프트웨어공학,문제해결을 위한 컴퓨팅 사고와 파이썬,김지연,교과세특 추천도서 300
공학,소프트웨어공학,미래 세상의 모빌리티,"임덕신, 임현준",교과세특 추천도서 300
공학,소프트웨어공학,소프트웨어 세상을 여는 컴퓨터 과학,김종훈,교과세특 추천도서 300
공학,소프트웨어공학,소프트웨어 장인 정신 이야기,로버트 C. 마틴,교과세특 추천도서 300
공학,소프트웨어공학,스티븐 울프럼의 챗GPT 강의,스티븐 울프럼,교과세특 추천도서 300
공학,소프트웨어공학,"시대전환, 소프트웨어와 인공지능",김영근,교과세특 추천도서 300
공학,소프트웨어공학,십 대를 위한 SW 인문학,"두일철, 오세종",교과세특 추천도서 300
공학,소프트웨어공학,아는 것이 돈이다,이두갑 외,교과세특 추천도서 300
공학,소프트웨어공학,안드로이드 뜻밖의 역사,쳇 하스,교과세특 추천도서 300
공학,소프트웨어공학,알고 있니? 알고리즘,소이언,교과세특 추천도서 300
공학,소프트웨어공학,"알고리즘, 인생을 계산하다",브라이언 크리스천 외,교과세특 추천도서 300
공학,소프트웨어공학,예고된 변화 챗GPT 학교,송은정,교과세특 추천도서 300
공학,소프트웨어공학,웹 3.0이 온다,"장세형, 이상준",교과세특 추천도서 300
공학,소프트웨어공학,웹 개발 새로고침,김승구,교과세특 추천도서 300
공학,소프트웨어공학,육각형 개발자,최범균,교과세특 추천도서 300
공학,소프트웨어공학,"챗GPT, 이렇게 써먹으면 됩니다",후루카와 쇼이치 외,교과세특 추천도서 300
공학,소프트웨어공학,초보자도 프로처럼 만드는 플러터 앱 개발,이정주,교과세특 추천도서 300
공학,소프트웨어공학,추천 알고리즘의 과학,박규하,교과세특 추천도서 300
공학,소프트웨어공학,코딩 없이 배우는 데이터 과학,황보현우 외,교과세특 추천도서 300
공학,소프트웨어공학,코딩의 미래,홍전일,교과세특 추천도서 300
공학,소프트웨어공학,크리에이티브 프로그래머,바우테르 흐루네벨트,교과세특 추천도서 300
공학,소프트웨어공학,클린 코드의 기술,Christian Mayer,교과세특 추천도서 300
공학,소프트웨어공학,퓨처라마,변완희,교과세특 추천도서 300
공학,소프트웨어공학,"프로그래머, 수학의 시대","이재현, 이정설",교과세특 추천도서 300
공학,소프트웨어공학,프롬프트 엔지니어링 교과서,서승완,교과세특 추천도서 300
공학,소프트웨어공학,한눈에 보이는 인공지능 수학 그림책,"한선관, 정기민",교과세특 추천도서 300
공학,소프트웨어공학,AI는 양심이 없다,김명주,교과세특 추천도서 300
공학,소프트웨어공학,Do it! 챗GPT&파이썬으로 AI 직원 만들기,이성용,교과세특 추천도서 300
공학,소프트웨어공학,KAIST 김진형 교수에게 듣는 AI 최강의 수업,김진형,교과세특 추천도서 300
공학,전기전자공학,과학은 어렵지만 양자 역학은 알고 싶어,요비노리 다쿠미,교과세특 추천도서 300
공학,전기전자공학,그랜드 퀘스트 2024,이정동 외,교과세특 추천도서 300
공학,전기전자공학,그리드,그레천 바크,교과세특 추천도서 300
공학,전기전자공학,기술전쟁,윤태성,교과세특 추천도서 300
공학,전기전자공학,김기사의 e-쉬운 전기,김명진,교과세특 추천도서 300
공학,전기전자공학,김상욱의 양자 공부,김상욱,교과세특 추천도서 300
공학,전기전자공학,넥스트 레볼루션,리처드 다베니,교과세특 추천도서 300
공학,전기전자공학,데이터 인문학,김택우,교과세특 추천도서 300
공학,전기전자공학,떨림과 울림,김상욱,교과세특 추천도서 300
공학,전기전자공학,마법에서 과학으로: 자석과 스핀트로닉스,김갑진,교과세특 추천도서 300
공학,전기전자공학,모터의 테크놀로지,김응채 외,교과세특 추천도서 300
공학,전기전자공학,문과생도 이해하는 전기전자수학,야마시타 아키라,교과세특 추천도서 300
공학,전기전자공학,물질의 물리학,한정훈,교과세특 추천도서 300
공학,전기전자공학,미래의 물리학,미치오 카쿠,교과세특 추천도서 300
공학,전기전자공학,미술관에 간 물리학자,서민아,교과세특 추천도서 300
공학,전기전자공학,미적분의 힘,스티븐 스트로가츠,교과세특 추천도서 300
공학,전기전자공학,반도체 삼국지,권석준,교과세특 추천도서 300
공학,전기전자공학,반도체 오디세이,이승우,교과세특 추천도서 300
공학,전기전자공학,반도체 인사이트 센서 전쟁,주병권 외,교과세특 추천도서 300
공학,전기전자공학,반도체 제국의 미래,정인성,교과세특 추천도서 300
공학,전기전자공학,세상에서 가장 쉬운 과학 수업: 양자혁명,정완상,교과세특 추천도서 300
공학,전기전자공학,세상에서 가장 쉬운 과학 수업: 특수상대성이론,정완상,교과세특 추천도서 300
공학,전기전자공학,세상에서 가장 쉬운 양자역학 수업,리먀오,교과세특 추천도서 300
공학,전기전자공학,세상에서 가장 쉬운 재미있는 물리,미사와 신야,교과세특 추천도서 300
공학,전기전자공학,수식 없이 술술 양자물리,쥘리앙 보르로프,교과세특 추천도서 300
공학,전기전자공학,수학이 필요한 순간,김민형,교과세특 추천도서 300
공학,전기전자공학,아는 만큼 보이는 세상: 물리편,가와무라 야스후미,교과세특 추천도서 300
공학,전기전자공학,양자역학 쫌 아는 10대,고재현,교과세특 추천도서 300
공학,전기전자공학,양자역학이란 무엇인가,마이클 워커,교과세특 추천도서 300
공학,전기전자공학,어떻게 물리학을 사랑하지 않을 수 있을까?,짐 알칼릴리,교과세특 추천도서 300
공학,전기전자공학,자율주행차와 반도체의 미래,권영화,교과세특 추천도서 300
공학,전기전자공학,재밌어서 밤새읽는 물리 이야기,사마키 다케오,교과세특 추천도서 300
공학,전기전자공학,전기차 첨단기술 교과서,톰 덴튼,교과세특 추천도서 300
공학,전기전자공학,전자 정복,"데릭 청, 에릭 브랙",교과세특 추천도서 300
공학,전기전자공학,진짜 하루만에 이해하는 반도체 산업,박진성,교과세특 추천도서 300
공학,전기전자공학,처음 읽는 2차전지 이야기,시라이시 다쿠,교과세특 추천도서 300
공학,전기전자공학,청소년을 위한 이것이 인공지능이다,김명락,교과세특 추천도서 300
공학,전기전자공학,최리노의 한 권으로 끝내는 반도체 이야기,최리노,교과세특 추천도서 300
공학,전기전자공학,최리노의 한 권으로 끝내는 반도체 이야기,최리노,교과세특 추천도서 300
공학,전기전자공학,칩 대결,인치밍,교과세특 추천도서 300
공학,전기전자공학,"칩워, 누가 반도체 전쟁의 최후 승자가 될 것인가",크리스 밀러,교과세특 추천도서 300
공학,전기전자공학,퀀텀스토리,짐 배것,교과세특 추천도서 300
공학,전기전자공학,포스트 모빌리티,차두원 외,교과세특 추천도서 300
공학,전기전자공학,해킹 일렉트로닉스,사이먼 몽크,교과세특 추천도서 300
공학,화학공학,가볍게 읽는 유기화학,사이토 가쓰히로,교과세특 추천도서 300
공학,화학공학,같기도 하고 아니 같기도 하고,로얼드 호프만,교과세특 추천도서 300
공학,화학공학,거의 모든 물질의 화학,김병민,교과세특 추천도서 300
공학,화학공학,거의 모든 물질의 화학,김병민,교과세특 추천도서 300
공학,화학공학,걱정 많은 어른들을 위한 화학 이야기,윤정인,교과세특 추천도서 300
공학,화학공학,공업화학,정찬문,교과세특 추천도서 300
공학,화학공학,곽재식의 먹는 화학 이야기,곽재식,교과세특 추천도서 300
공학,화학공학,곽재식의 유령 잡는 화학자,곽재식,교과세특 추천도서 300
공학,화학공학,나노 화학,장홍제,교과세특 추천도서 300
공학,화학공학,머릿속에 쏙쏙! 원소 노트,도쿄대학교 사이언스 커뮤니케이션 동아리 CAST,교과세특 추천도서 300
공학,화학공학,모든 것에 화학이 있다,케이트 비버도프,교과세특 추천도서 300
공학,화학공학,미술관에 간 화학자: 두번째 이야기,전창림,교과세특 추천도서 300
공학,화학공학,배터리 전쟁,루카스 베드나르스키,교과세특 추천도서 300
공학,화학공학,부엌의 화학자,라파엘 오몽,교과세특 추천도서 300
공학,화학공학,분자 조각가들,백승만,교과세특 추천도서 300
공학,화학공학,생활 속의 화학,W. 릭스너 외,교과세특 추천도서 300
공학,화학공학,세계사를 바꾼 화학 이야기,오미야 오사무,교과세특 추천도서 300
공학,화학공학,세상을 바꾸는 반응,시어도어 그레이,교과세특 추천도서 300
공학,화학공학,세상을 바꾼 화학,원정현,교과세특 추천도서 300
공학,화학공학,수소 혁명: 석유 시대의 종말과 세계 경제의 미래,제러미 리프킨,교과세특 추천도서 300
공학,화학공학,아톰 익스프레스,조진호,교과세특 추천도서 300
공학,화학공학,알기 쉬운 고분자 이야기,박오옥,교과세특 추천도서 300
공학,화학공학,엑스맨 주식회사,"닥터 스코, 김덕근",교과세특 추천도서 300
공학,화학공학,역사가 묻고 화학이 답하다,장홍제,교과세특 추천도서 300
공학,화학공학,역사를 바꾼 17가지 화학 이야기 1,"페니 르 쿠터, 제이 버레슨",교과세특 추천도서 300
공학,화학공학,연금술개론,브라이언 코트노어,교과세특 추천도서 300
공학,화학공학,오늘의 화학,조지 자이던,교과세특 추천도서 300
공학,화학공학,우리는 어떻게 화학 물질에 중독되는가,로랑 슈발리에,교과세특 추천도서 300
공학,화학공학,우아한 분자,장피에르 소바주,교과세특 추천도서 300
공학,화학공학,원소가 뭐길래,장홍제,교과세특 추천도서 300
공학,화학공학,원소의 이름,피터 워더스,교과세특 추천도서 300
공학,화학공학,이공학을 위한 무기화학 강의,"이순원, 권영욱",교과세특 추천도서 300
공학,화학공학,이런 화학이라면 포기하지 않을 텐데,김소환,교과세특 추천도서 300
공학,화학공학,"이렇게 재밌는 화학, 왜 몰랐을까?",천웨이쥔,교과세특 추천도서 300
공학,화학공학,이차전지 승자의 조건,정경윤 외,교과세특 추천도서 300
공학,화학공학,이토록 재밌는 화학 이야기,사마키 다케오,교과세특 추천도서 300
공학,화학공학,"인간이 만든 물질, 물질이 만든 인간",아이니사 라미레즈,교과세특 추천도서 300
공학,화학공학,주기율표를 읽는 시간,김병민,교과세특 추천도서 300
공학,화학공학,처음부터 화학이 이렇게 쉬웠다면,사마키 다케오,교과세특 추천도서 300
공학,화학공학,탄소중립 수소혁명,이순형,교과세특 추천도서 300
공학,화학공학,"하루 한 권, 일상 속의 화학 물질","사마키 다케오, 잇시키 겐지",교과세특 추천도서 300
공학,화학공학,"화학물질의 습격, 위험한 시대를 사는 법",계명찬,교과세특 추천도서 300
공학,화학공학,화학의 눈으로 보면 녹색지구가 펼쳐진다,원정현,교과세특 추천도서 300
공학,과학기술,개인맞춤 영양의 시대가 온다,김경철 외,교과세특 추천도서 300
공학,과학기술,공대생을 따라잡는 자신만만 공학 이야기,한화택,교과세특 추천도서 300
공학,과학기술,공학자의 세상 보는 눈,유만선,교과세특 추천도서 300
공학,과학기술,과학기술 같기도 하고 아니 같기도 하고,로얼드 호프만,전라북도 교육청
공학,과학기술,과학자의 서재,최재천,전라북도 교육청
공학,과학기술,과학혁명의 구조,토머스 S. 쿤,전라북도 교육청
공학,과학기술,다정한 것이 살아남는다,"브라이언 헤어, 버네사 우즈",전라북도 교육청
공학,과학기술,떨림과 울림,김상욱,전라북도 교육청
공학,과학기술,랩 걸,호프 자런,전라북도 교육청
공학,과학기술,로켓의 과학적 원리와 구조,데이비드 베이커,교과세특 추천도서 300
공학,과학기술,물고기는 존재하지 않는다,룰루 밀러,전라북도 교육청
공학,과학기술,미래를 바꾸는 탄소 농업,허북구,교과세특 추천도서 300
공학,과학기술,배터리의 미래,M. 스탠리 위팅엄 외,교과세특 추천도서 300
공학,과학기술,분자 조각가들,백승만,교과세특 추천도서 300
공학,과학기술,사용자 중심 디자인을 위한 인간공학,윤명환 외,교과세특 추천도서 300
공학,과학기술,생명의 물리학,찰스 S. 코켈,전라북도 교육청
공학,과학기술,세계를 바꾼 17가지 방정식,이언 스튜어트,전라북도 교육청
공학,과학기술,세계사를 바꾼 12가지 신소재,사토 겐타로,전라북도 교육청
공학,과학기술,수학의 쓸모,"닉 폴슨, 제임스 스콧",전라북도 교육청
공학,과학기술,수학이 필요한 순간,김민형,전라북도 교육청
공학,과학기술,수학콘서트,박경미,전라북도 교육청
공학,과학기술,"시간과 공간의 연결, 교통이야기",대한교통학회,교과세특 추천도서 300
공학,과학기술,신소재 이야기,"김영근, 안진호",교과세특 추천도서 300
공학,과학기술,아픔이 길이 되려면,김승섭,전라북도 교육청
공학,과학기술,에너지가 바꾼 세상,후루타치 고스케,교과세특 추천도서 300
공학,과학기술,엔트로피,제러미 리프킨,전라북도 교육청
공학,과학기술,"음식의 영혼, 발효의 모든 것",샌더 엘릭스 카츠,교과세특 추천도서 300
공학,과학기술,이기적 유전자,리처드 도킨스,전라북도 교육청
공학,과학기술,이상한 나라의 뇌과학,김대식,전라북도 교육청
공학,과학기술,이어 쓰는 조경학개론,이규목 외,교과세특 추천도서 300
공학,과학기술,잃어버린 게놈을 찾아서,스반테 페보,전라북도 교육청
공학,과학기술,자연과 문명의 조화 토목공학,대한토목학회 출판위원회,교과세특 추천도서 300
공학,과학기술,천문학자는 별을 보지 않는다,심채경,전라북도 교육청
공학,과학기술,침묵의 봄,레이첼 카슨,전라북도 교육청
공학,과학기술,현장 중심의 영양교육과 상담,서정숙 외,교과세특 추천도서 300
공학,과학기술,환경의 역습,박정훈,전라북도 교육청
공학,과학기술,"흙, 생명을 담다",게이브 브라운,교과세특 추천도서 300
의약,의학_의예,10대의 뇌,"프랜시스 젠슨, 에이미 엘리스 넛",교과세특 추천도서 300
의약,의학_의예,4차 산업혁명과 병원의 미래,이종철,교과세특 추천도서 300
의약,의학_의예,갈팡질팡 청년의사 성장기,허기영,교과세특 추천도서 300
의약,의학_의예,개념 의료,박재영,교과세특 추천도서 300
의약,의학_의예,기능의학을 알면 건강이 보인다,김덕수,교과세특 추천도서 300
의약,의학_의예,"나는 고백한다, 현대의학을",아툴 가완디,교과세특 추천도서 300
의약,의학_의예,나의 생애와 사상,알베르트 슈바이처,교과세특 추천도서 300
의약,의학_의예,"내 몸의 설계자, 호르몬 이야기",박승준,교과세특 추천도서 300
의약,의학_의예,내 장은 왜 우울할까,윌리엄 데이비스,교과세특 추천도서 300
의약,의학_의예,누구 먼저 살려야 할까?,제이콥 M. 애펠,교과세특 추천도서 300
의약,의학_의예,닥터스 씽킹,제롬 그루프먼,교과세특 추천도서 300
의약,의학_의예,머릿속에 쏙쏙! 감염병 노트,"사마키 다케오, 마스모토 데루키",교과세특 추천도서 300
의약,의학_의예,모두를 위한 의료윤리,김준혁,교과세특 추천도서 300
의약,의학_의예,미래의 의사에게,페리 클라스,교과세특 추천도서 300
의약,의학_의예,바디: 우리 몸 안내서,빌 브라이슨,교과세특 추천도서 300
의약,의학_의예,박테리아는 인간의 적인가?,존 헤릭,교과세특 추천도서 300
의약,의학_의예,병원에서 죽는다는 것,야마자키 후미오,교과세특 추천도서 300
의약,의학_의예,불량의학,크리스토퍼 완제크,교과세특 추천도서 300
의약,의학_의예,생명윤리,김재희 외,교과세특 추천도서 300
의약,의학_의예,생명을 묻다,정우현,교과세특 추천도서 300
의약,의학_의예,생명의 비밀,하워드 마르켈,교과세특 추천도서 300
의약,의학_의예,세계사를 바꾼 전염병 13가지,제니퍼 라이트,교과세특 추천도서 300
의약,의학_의예,숨결이 바람 될 때,폴 칼라니티,교과세특 추천도서 300
의약,의학_의예,쉽게 쓴 후성유전학,리처드 C. 프랜시스,교과세특 추천도서 300
의약,의학_의예,아내를 모자로 착각한 남자,올리버 색스,교과세특 추천도서 300
의약,의학_의예,아직도 가야 할 길,M. 스캇 펙,교과세특 추천도서 300
의약,의학_의예,아픔이 길이 되려면,김승섭,교과세특 추천도서 300
의약,의학_의예,암: 만병의 황제의 역사,싯다르타 무케르지,교과세특 추천도서 300
의약,의학_의예,영화관에서 만나는 의학의 세계,고병수,교과세특 추천도서 300
의약,의학_의예,왓슨의 이중나선,박승호,교과세특 추천도서 300
의약,의학_의예,우리 몸이 말을 할 수 있다면,제임스 햄블린,교과세특 추천도서 300
의약,의학_의예,운동화 신은 뇌,"존 레이티, 에릭 헤이거먼",교과세특 추천도서 300
의약,의학_의예,"위대한, 그러나 위험한 진단",리사 샌더스,교과세특 추천도서 300
의약,의학_의예,유전자의 내밀한 역사,싯다르타 무케르지,교과세특 추천도서 300
의약,의학_의예,의과대학 인문학 수업,"권시진, 오흥권",교과세특 추천도서 300
의약,의학_의예,"의료, 인권을 만나다",박광혁인권의학연구소 외,교과세특 추천도서 300
의약,의학_의예,의료윤리와 법,박창범,교과세특 추천도서 300
의약,의학_의예,의사가 알려주는 디지털 치료제,"서영준, 오창헌",교과세특 추천도서 300
의약,의학_의예,의학 오디세이,강신익 외,교과세특 추천도서 300
의약,의학_의예,"의학, 인문으로 치유하다",예병일,교과세특 추천도서 300
의약,의학_의예,의학사를 이끈 20인의 실험과 도전,크리스티안 베이마이어,교과세특 추천도서 300
의약,의학_의예,이상한 의학사,이재담,교과세특 추천도서 300
의약,의학_의예,이토록 재밌는 의학 이야기,김은중,교과세특 추천도서 300
의약,의학_의예,인간은 왜 병에 걸리는가,"R. 네스, G. 윌리엄즈",교과세특 추천도서 300
의약,의학_의예,인체 기행,권오길,교과세특 추천도서 300
의약,의학_의예,인턴X,닥터X,교과세특 추천도서 300
의약,의학_의예,잠든 당신의 뇌를 깨워라,"황성혁, 이영훈",교과세특 추천도서 300
의약,의학_의예,제법 안온한 날들,남궁인,교과세특 추천도서 300
의약,의학_의예,죽음학 교실,고윤석 외,교과세특 추천도서 300
의약,의학_의예,진짜 아픈 사람 맞습니다,최세진,교과세특 추천도서 300
의약,의학_의예,질병과 죽음에 맞선 50인의 의학 멘토,수전 앨드리지,교과세특 추천도서 300
의약,의학_의예,질병의 탄생,홍윤철,교과세특 추천도서 300
의약,의학_의예,질병이 바꾼 세계의 역사,로날트 D. 게르슈테,교과세특 추천도서 300
의약,의학_의예,"카이스트, 바이오헬스의 미래를 말하다",채수찬,교과세특 추천도서 300
의약,의학_의예,코로나 이후 생존 도시,홍윤철,교과세특 추천도서 300
의약,의학_의예,토닥토닥 정신과 사용설명서,박한선 외,교과세특 추천도서 300
의약,의학_의예,한 손에 잡히는 생명윤리,도나 디켄슨,교과세특 추천도서 300
의약,의학_의예,협력의 유전자,니컬라 라이하니,교과세특 추천도서 300
의약,의학_의예,히포크라시,"레이첼 부크바인더, 이언 해리스",교과세특 추천도서 300
의약,의학_의예,히포크라테스 미술관,박광혁,교과세특 추천도서 300
의약,의학_의예,K-Health를 이끄는 슬기로운 건강검진,권혜령,교과세특 추천도서 300
의약,의학_치의예,100세 치아 메뉴얼,"강동호, 황인성",교과세특 추천도서 300
의약,의학_치의예,30년차 치과의사 최유성의 생각,최유성,교과세특 추천도서 300
의약,의학_치의예,구강감염과 전신건강,안네 마리 린제 페데르센,교과세특 추천도서 300
의약,의학_치의예,뇌노화를 멈추려면 35세부터 치아 관리 습관을 바꿔라,하세가와 요시야,교과세특 추천도서 300
의약,의학_치의예,다이제스트 치의학 연구윤리,진보형 외,교과세특 추천도서 300
의약,의학_치의예,쉽디쉬운 임플란트 이야기,문석준,교과세특 추천도서 300
의약,의학_치의예,아 해보세요,메리 오토,교과세특 추천도서 300
의약,의학_치의예,우리동네 1등 치과 만들기,이다혜,교과세특 추천도서 300
의약,의학_치의예,입속세균에 대한 17가지 질문,김혜성,교과세특 추천도서 300
의약,의학_치의예,치과 사용 설명서,강혁권,교과세특 추천도서 300
의약,의학_치의예,치과의사가 말하는 치과의사,안현세 외,교과세특 추천도서 300
의약,의학_치의예,치과의사는 입만 진료하지 않는다,아이다 요시테루,교과세특 추천도서 300
의약,의학_치의예,치과의사도 모르는 진짜 치과 이야기,김동오,교과세특 추천도서 300
의약,의학_치의예,치의학의 이 저린 역사,제임스 윈브랜트,교과세특 추천도서 300
의약,의학_치의예,한국 치과의 역사,치과의사학교수협의회와 연구팀,교과세특 추천도서 300
의약,의학_한의예,100년 건강수명을 위한 건강관리법,이선동,교과세특 추천도서 300
의약,의학_한의예,교감하는 마음치료 이야기,고영협 외,교과세특 추천도서 300
의약,의학_한의예,나는 한의원에서 인생의 모든 것을 배웠다,전대성,교과세특 추천도서 300
의약,의학_한의예,내과 한방진료,이와사키 코우 외,교과세특 추천도서 300
의약,의학_한의예,동양의학 치료 교과서,센토 세이시로,교과세특 추천도서 300
의약,의학_한의예,"동의보감, 과학을 논하다",박석준,교과세특 추천도서 300
의약,의학_한의예,"몸, 한의학으로 다시 태어나다","안세영, 조정래",교과세특 추천도서 300
의약,의학_한의예,생긴 대로 병이 온다,조성태 외,교과세특 추천도서 300
의약,의학_한의예,서사의학이란 무엇인가,리타 샤론 외,교과세특 추천도서 300
의약,의학_한의예,염증 해방,정세연,교과세특 추천도서 300
의약,의학_한의예,체질을 알고 체질대로 살아라,구환석,교과세특 추천도서 300
의약,의학_한의예,침과 침술,홍도현,교과세특 추천도서 300
의약,의학_한의예,하이브리드 의학,오카베 테츠로,교과세특 추천도서 300
의약,의학_한의예,하이브리드 한의학,김종영,교과세특 추천도서 300
의약,의학_한의예,한의학의 현대적 해석과 고혈압,이준우,교과세특 추천도서 300
의약,의학_수의예,10대와 통하는 동물 권리 이야기,이유미,교과세특 추천도서 300
의약,의학_수의예,개와 고양이를 위한 반려동물 영양학,왕태미,교과세특 추천도서 300
의약,의학_수의예,고기로 태어나서,한승태,교과세특 추천도서 300
의약,의학_수의예,그 개는 정말 좋아서 꼬리를 흔들었을까?,설채현,교과세특 추천도서 300
의약,의학_수의예,미리 가보는 수의학 교실,충북대학교 수의학교재편찬위원회,교과세특 추천도서 300
의약,의학_수의예,반려견 행동심리학,재지 토드,교과세특 추천도서 300
의약,의학_수의예,수의사가 말하는 수의사 Episode 2,이학범 외,교과세특 추천도서 300
의약,의학_수의예,수의정책 콘서트,김용상,교과세특 추천도서 300
의약,의학_수의예,의사와 수의사가 만나다,바버라 내터슨 호러위츠 외,교과세특 추천도서 300
의약,의학_수의예,인류 역사를 바꾼 동물과 수의학,임동주,교과세특 추천도서 300
의약,약학,2022 한 권으로 끝내는 약학시사,곽혜민 외,교과세특 추천도서 300
의약,약학,같기도 하고 아니 같기도 하고,로얼드 호프만,교과세특 추천도서 300
의약,약학,곽재식의 세균 박람회,곽재식,교과세특 추천도서 300
의약,약학,꿈을 찾는 약대생,박정원,교과세특 추천도서 300
의약,약학,나도 내 몸을 잘 몰라서,천제하,교과세특 추천도서 300
의약,약학,내 장은 왜 우울할까,윌리엄 데이비스,교과세특 추천도서 300
의약,약학,내성 전쟁,무하마드 H. 자만,교과세특 추천도서 300
의약,약학,당신은 영양제를 잘못 고르고 있습니다,장무현,교과세특 추천도서 300
의약,약학,디지털 치료제 혁명,"하성욱, 김유영",교과세특 추천도서 300
의약,약학,면역의 힘,제나 마치오키,교과세특 추천도서 300
의약,약학,면역체계,핸드리크 슈트레크,교과세특 추천도서 300
의약,약학,모르는 게 약?,최혁재,교과세특 추천도서 300
의약,약학,바이러스 폭풍의 시대,네이선 울프,교과세특 추천도서 300
의약,약학,바이오 신약 혁명,이성규,교과세특 추천도서 300
의약,약학,바이오의약품 시대가 온다,이형기 외,교과세특 추천도서 300
의약,약학,박테리오파지,인트론바이오,교과세특 추천도서 300
의약,약학,분자 조각가들,백승만,교과세특 추천도서 300
의약,약학,블루드림스,로렌 슬레이터,교과세특 추천도서 300
의약,약학,사회약학,"마크 로버츠, 마이클 라이히",교과세특 추천도서 300
의약,약학,생명과 약의 연결고리,김성훈,교과세특 추천도서 300
의약,약학,"세균, 두 얼굴의 룸메이트","마르쿠스 에거트, 프랑크 타데우스",교과세특 추천도서 300
의약,약학,세상을 바꾼 항생제를 만든 사람들,고관수,교과세특 추천도서 300
의약,약학,송 약사의 영양소 요법,송정숙,교과세특 추천도서 300
의약,약학,송기원의 포스트 게놈 시대,송기원,교과세특 추천도서 300
의약,약학,"스물넷, 약사가 되기로 결심했다",이주연,교과세특 추천도서 300
의약,약학,신약 개발 전쟁,이성규,교과세특 추천도서 300
의약,약학,신약의 탄생,윤태진,교과세특 추천도서 300
의약,약학,아주 특별한 생물학 수업,"장수철, 이재성",교과세특 추천도서 300
의약,약학,알쓸신약,"이정철, 임성용",교과세특 추천도서 300
의약,약학,"약, 먹으면 안 된다",후나세 순스케,교과세특 추천도서 300
의약,약학,약물나무,최철희,교과세특 추천도서 300
의약,약학,약물치료 핸드북,유봉규,교과세특 추천도서 300
의약,약학,약사가 말하는 약사,홍성광 외,교과세특 추천도서 300
의약,약학,약사들이 답하는 스포츠 영양 Q&A,정상원 외,교과세특 추천도서 300
의약,약학,약의 과학,크리스티네 기터,교과세특 추천도서 300
의약,약학,예술 속의 파르마콘,허문영,교과세특 추천도서 300
의약,약학,오늘도 약을 먹었습니다,박한슬,교과세특 추천도서 300
의약,약학,우리는 얼마나 깨끗한가,한네 튀겔,교과세특 추천도서 300
의약,약학,위대하고 위험한 약 이야기,정진호,교과세특 추천도서 300
의약,약학,육일약국 갑시다,김성오,교과세특 추천도서 300
의약,약학,이 약 먹어도 될까요,권예리,교과세특 추천도서 300
의약,약학,인류를 구한 12가지 약 이야기,정승규,교과세특 추천도서 300
의약,약학,인류에게 필요한 11가지 약 이야기,정승규,교과세특 추천도서 300
의약,약학,인류의 운명을 바꾼 약의 탐험가들,"도널드 커시, 오기 오거스",교과세특 추천도서 300
의약,약학,자신만만 약처방,"김영설, 임형식",교과세특 추천도서 300
의약,약학,제약바이오 직무 바이블,강동훈 외,교과세특 추천도서 300
의약,약학,"질병 정복의 꿈, 바이오 사이언스",이성규,교과세특 추천도서 300
의약,약학,프셉마음: 약물계산편,신영미,교과세특 추천도서 300
의약,약학,"항산화제, 내 몸을 살린다",정윤상,교과세특 추천도서 300
의약,약학,항생제 열전,유진홍,교과세특 추천도서 300
의약,약학,MT약학,대한약학회,교과세특 추천도서 300
의약,간호,간호 읽어주는 남자,김진수,교과세특 추천도서 300
의약,간호,간호사 가이던스,한동수,교과세특 추천도서 300
의약,간호,간호사 마음 일기,최원진,교과세특 추천도서 300
의약,간호,간호사 부서 탐방,강민애,교과세특 추천도서 300
의약,간호,간호사 생활 백서,권지은,교과세특 추천도서 300
의약,간호,간호사 혁명 시대,이경주,교과세특 추천도서 300
의약,간호,"간호사, 너 자신이 되어라",한화순,교과세특 추천도서 300
의약,간호,"간호사, 어떻게 말해야 하는가",송애랑,교과세특 추천도서 300
의약,간호,"간호사, 프로를 꿈꿔라!",도나 윌크 카르딜로,교과세특 추천도서 300
의약,간호,간호사가 되기로 했다,김진수 외,교과세특 추천도서 300
의약,간호,간호사는 고마워요,잭 캔필드 외,교과세특 추천도서 300
의약,간호,간호사를 부탁해,정인희,교과세특 추천도서 300
의약,간호,간호약리학,Ruth Woodrow 외,교과세특 추천도서 300
의약,간호,간호의 경제학,츠노다 유카,교과세특 추천도서 300
의약,간호,간호장교를 간직하다,"조원경, 김다혜",교과세특 추천도서 300
의약,간호,간호학과 교수를 간직하다,최영림,교과세특 추천도서 300
의약,간호,감정을 돌보는 간호사,손지완,교과세특 추천도서 300
의약,간호,"나는 간호사, 사람입니다",김현아,교과세특 추천도서 300
의약,간호,나이팅게일은 죽었다,김민경,교과세특 추천도서 300
의약,간호,나이팅게일의 눈물,게일,교과세특 추천도서 300
의약,간호,도시에서 죽는다는 것,김형숙,교과세특 추천도서 300
의약,간호,돌봄의 미학,박명희,교과세특 추천도서 300
의약,간호,사랑의 돌봄은 기적을 만든다,김수지,교과세특 추천도서 300
의약,간호,새로 만든 내몸 사용설명서,"마이클 로이젠, 메멧 오즈",교과세특 추천도서 300
의약,간호,"생명, 인간의 경계를 묻다","강신익, 김시천",교과세특 추천도서 300
의약,간호,생의 마지막에서 간절히 원하는 것들,태현정 외,교과세특 추천도서 300
의약,간호,실버 간호사의 골든 메모리,함채윤,교과세특 추천도서 300
의약,간호,연구간호사를 간직하다,"박유원, 권현",교과세특 추천도서 300
의약,간호,청진기가 사라진다,에릭 토플,교과세특 추천도서 300
의약,간호,통증혁명,존 사노,교과세특 추천도서 300
예체능,미술,그래픽디자인이 처음이라면,"김나운, 강현주",교과세특 추천도서 300
예체능,미술,내 곁에 미술,안동선,교과세특 추천도서 300
예체능,미술,버려지는 디자인 통과되는 디자인: 웹&앱 디자인,신승희,교과세특 추천도서 300
예체능,미술,사실은 이것도 디자인입니다,김성연,교과세특 추천도서 300
예체능,미술,"사진, 삶과 지리를 말하다",전국지리교사모임,교과세특 추천도서 300
예체능,미술,사진적 성장을 위한 사진 강의 노트,김원섭,교과세특 추천도서 300
예체능,미술,생활예술,강윤주 외,교과세특 추천도서 300
예체능,미술,서양미술사,에른스트 H. 곰브리치,전라북도 교육청
예체능,미술,섬유지식 기초,안동진,교과세특 추천도서 300
예체능,미술,오주석의 옛 그림 읽기의 즐거움,오주석,전라북도 교육청
예체능,미술,유홍준의 한국미술사 강의,유홍준,전라북도 교육청
예체능,미술,인간을 탐구하는 수업,사토 지에,교과세특 추천도서 300
예체능,미술,일본 애니메이션의 크리에이터들,박기령,교과세특 추천도서 300
예체능,미술,장애학생의 체육을 위한 유니버설 디자인,Lauren J. Lieberman,교과세특 추천도서 300
예체능,미술,점.선.면,바실리 칸딘스키,전라북도 교육청
예체능,미술,조선 미술관,탁현규,전라북도 교육청
예체능,미술,지식의 미술관,이주헌,전라북도 교육청
예체능,미술,추의 역사,움베르토 에코,전라북도 교육청
예체능,미술,타이포그래피 천일야화,원유홍 외,교과세특 추천도서 300
예체능,미술,"패션 디자이너, 미래가 찬란한 너에게",박민지,교과세특 추천도서 300
예체능,미술,"패션, 색을 입다",캐롤라인 영,교과세특 추천도서 300
예체능,미술,피나 바우쉬,마리온 마이어,교과세특 추천도서 300
예체능,미술,한복 짓는 시간,이정수,교과세특 추천도서 300
예체능,미술,화가가 사랑한 바다,정우철,교과세특 추천도서 300
예체능,음악,그래서 우리는 음악을 듣는다,"히사이시 조, 요로 다케시",교과세특 추천도서 300
예체능,음악,난처한 클래식 수업 1,민은기,전라북도 교육청
예체능,음악,내 일기장 속 영화음악,김원중,교과세특 추천도서 300
예체능,음악,디스 이즈 어 뮤지컬,최지이,교과세특 추천도서 300
예체능,음악,문학과 음악이 이야기한다,"오에 겐자부로, 오자와 세이지",교과세특 추천도서 300
예체능,음악,방구석 뮤지컬,이서희,교과세특 추천도서 300
예체능,음악,성악을 알면 노래가 쉽다,김정현,교과세특 추천도서 300
예체능,음악,심리음향학,오세진,교과세특 추천도서 300
예체능,음악,연극에서 감정은 어떻게 작용하는가,리처트 코트니,교과세특 추천도서 300
예체능,음악,우리가 몰랐던 우리 음악 이야기,박소영,교과세특 추천도서 300
예체능,음악,음악인류,대니얼 J. 레비틴,전라북도 교육청
예체능,음악,인문학으로 읽는 국악이야기,하응백,교과세특 추천도서 300
예체능,음악,"작곡, 편곡자를 위한 코드진행 레시피",사이토 오사무,교과세특 추천도서 300
예체능,음악,재즈의 계절,김민주,교과세특 추천도서 300
예체능,음악,젊은 예술가에게,기돈 크레머,교과세특 추천도서 300
예체능,음악,청바지 입은 오페라,문호근,전라북도 교육청
예체능,음악,"클래식 음악, 뭔데 이렇게 쉬워?",마카가와 유스케,교과세특 추천도서 300
예체능,음악,Jazz It Up!,남무성,교과세특 추천도서 300
예체능,음악,K-기악과 실크로드,구중회,교과세특 추천도서 300
예체능,음악,MIT 음악수업,스가노 에리코,교과세특 추천도서 300
예체능,체육,10대와 통하는 스포츠 이야기,"탁민혁, 김윤진",교과세특 추천도서 300
예체능,체육,나는 스포츠로 창업을 꿈꾼다,"윤거일, 양은희",교과세특 추천도서 300
예체능,체육,"선생님, 오늘 체육 뭐해요?",성기백,교과세특 추천도서 300
예체능,체육,수학을 품은 야구공,고동현 외,교과세특 추천도서 300
예체능,체육,스포츠 리터러시,최의창,교과세특 추천도서 300
예체능,체육,"스포츠 에이전트, 천사인가 악마인가?",박성배,교과세특 추천도서 300
예체능,체육,스포츠 커뮤니케이션 인사이트,김기한 외,교과세특 추천도서 300
예체능,체육,스포츠 트레이너 어떻게 되었을까,이가은,교과세특 추천도서 300
예체능,체육,인공지능이 스포츠 심판이라면,스포츠문화연구소,교과세특 추천도서 300
예체능,체육,진화하는 발레 클래스,정옥희,교과세특 추천도서 300
예체능,체육,쫌 이상한 체육시간,최진환,전라북도 교육청
예체능,체육,한 권으로 읽는 국제 스포츠 이야기,유승민 외,교과세특 추천도서 300
예체능,체육,한 권으로 읽는 국제스포츠 이야기,"유승민, 박주희",전라북도 교육청
